a,b,cin,추출시간,Python_sum,Python_cout,Verilog_sum,Verilog_cout,일치여부
1,1,0,2025-02-20 13:13:05,0,1,0,1,O
0,0,1,2025-02-20 13:13:05,1,0,1,0,O
0,0,0,2025-02-20 13:13:05,0,0,0,0,O
1,0,1,2025-02-20 13:13:05,0,1,0,1,O
1,1,0,2025-02-20 13:13:05,0,1,0,1,O
1,1,0,2025-02-20 13:13:05,0,1,0,1,O
1,1,0,2025-02-20 13:13:05,0,1,0,1,O
0,1,0,2025-02-20 13:13:05,1,0,1,0,O
1,1,0,2025-02-20 22:18:24,0,1,0,1,O
1,0,0,2025-02-20 22:18:24,1,0,1,0,O
1,0,1,2025-02-20 22:18:24,0,1,0,1,O
1,0,0,2025-02-20 22:18:24,1,0,1,0,O
1,0,1,2025-02-20 22:18:24,0,1,0,1,O
0,0,0,2025-02-20 22:18:24,0,0,0,0,O
0,0,1,2025-02-20 22:18:24,1,0,1,0,O
0,1,0,2025-02-20 22:18:24,1,0,1,0,O
1,0,1,2025-02-20 22:23:29,0,1,0,1,O
1,0,1,2025-02-20 22:23:29,0,1,0,1,O
0,0,0,2025-02-20 22:23:29,0,0,0,0,O
1,1,0,2025-02-20 22:23:29,0,1,0,1,O
1,0,0,2025-02-20 22:23:29,1,0,1,0,O
0,0,1,2025-02-20 22:23:29,1,0,1,0,O
1,1,0,2025-02-20 22:23:29,0,1,0,1,O
0,0,1,2025-02-20 22:23:29,1,0,1,0,O
0,1,1,2025-02-20 22:39:42,0,1,0,1,O
0,1,1,2025-02-20 22:39:42,0,1,0,1,O
0,0,1,2025-02-20 22:39:42,1,0,1,0,O
0,1,0,2025-02-20 22:39:42,1,0,1,0,O
0,0,0,2025-02-20 22:39:42,0,0,0,0,O
0,0,1,2025-02-20 22:39:42,1,0,1,0,O
1,0,0,2025-02-20 22:39:42,1,0,1,0,O
1,1,0,2025-02-20 22:39:42,0,1,0,1,O
0,0,0,2025-02-20 22:50:51,0,0,0,0,O
0,1,0,2025-02-20 22:50:51,1,0,1,0,O
1,0,0,2025-02-20 22:50:51,1,0,1,0,O
1,0,1,2025-02-20 22:50:51,0,1,0,1,O
0,0,0,2025-02-20 22:50:51,0,0,0,0,O
0,1,1,2025-02-20 22:50:51,0,1,0,1,O
0,0,1,2025-02-20 22:50:51,1,0,1,0,O
0,1,0,2025-02-20 22:50:51,1,0,1,0,O
0,0,1,2025-02-20 23:09:38,1,0,1,0,O
0,1,0,2025-02-20 23:09:38,1,0,1,0,O
1,0,1,2025-02-20 23:09:38,0,1,0,1,O
0,1,1,2025-02-20 23:09:38,0,1,0,1,O
1,0,0,2025-02-20 23:09:38,1,0,1,0,O
1,1,0,2025-02-20 23:09:38,0,1,0,1,O
0,1,1,2025-02-20 23:09:38,0,1,0,1,O
0,1,1,2025-02-20 23:09:38,0,1,0,1,O
1,1,0,2025-02-20 23:32:03,0,1,0,1,O
0,0,0,2025-02-20 23:32:03,0,0,0,0,O
0,0,1,2025-02-20 23:32:03,1,0,1,0,O
1,0,1,2025-02-20 23:32:03,0,1,0,1,O
0,0,0,2025-02-20 23:32:03,0,0,0,0,O
0,0,1,2025-02-20 23:32:03,1,0,1,0,O
0,1,0,2025-02-20 23:32:03,1,0,1,0,O
1,0,1,2025-02-20 23:32:03,0,1,0,1,O
0,0,1,2025-02-20 23:44:29,1,0,1,0,O
0,0,0,2025-02-20 23:44:29,0,0,0,0,O
1,0,0,2025-02-20 23:44:29,1,0,1,0,O
1,1,1,2025-02-20 23:44:29,1,1,1,1,O
1,1,0,2025-02-20 23:44:29,0,1,0,1,O
1,0,0,2025-02-20 23:44:29,1,0,1,0,O
0,0,1,2025-02-20 23:44:29,1,0,1,0,O
1,1,1,2025-02-20 23:44:29,1,1,1,1,O
1,1,0,2025-02-20 23:55:46,0,1,0,1,O
0,1,0,2025-02-20 23:55:46,1,0,1,0,O
1,1,1,2025-02-20 23:55:46,1,1,1,1,O
0,1,1,2025-02-20 23:55:46,0,1,0,1,O
0,0,0,2025-02-20 23:55:46,0,0,0,0,O
1,1,1,2025-02-20 23:55:46,1,1,1,1,O
0,1,1,2025-02-20 23:55:46,0,1,0,1,O
0,0,0,2025-02-20 23:55:46,0,0,0,0,O
0,1,1,2025-02-21 00:21:54,0,1,0,1,O
1,1,1,2025-02-21 00:21:54,1,1,1,1,O
0,0,1,2025-02-21 00:21:54,1,0,1,0,O
1,0,1,2025-02-21 00:21:54,0,1,0,1,O
0,1,0,2025-02-21 00:21:54,1,0,1,0,O
1,0,1,2025-02-21 00:21:54,0,1,0,1,O
0,0,0,2025-02-21 00:21:54,0,0,0,0,O
0,1,0,2025-02-21 00:21:54,1,0,1,0,O
0,1,0,2025-02-21 00:38:06,1,0,1,0,O
0,0,1,2025-02-21 00:38:06,1,0,1,0,O
1,1,1,2025-02-21 00:38:06,1,1,1,1,O
1,0,1,2025-02-21 00:38:06,0,1,0,1,O
1,0,1,2025-02-21 00:38:06,0,1,0,1,O
1,1,0,2025-02-21 00:38:06,0,1,0,1,O
1,0,1,2025-02-21 00:38:06,0,1,0,1,O
1,0,1,2025-02-21 00:38:06,0,1,0,1,O
1,1,1,2025-02-21 00:49:07,1,1,1,1,O
1,1,0,2025-02-21 00:49:07,0,1,0,1,O
1,0,0,2025-02-21 00:49:07,1,0,1,0,O
0,1,0,2025-02-21 00:49:07,1,0,1,0,O
1,0,1,2025-02-21 00:49:07,0,1,0,1,O
0,0,0,2025-02-21 00:49:07,0,0,0,0,O
1,0,1,2025-02-21 00:49:07,0,1,0,1,O
0,1,0,2025-02-21 00:49:07,1,0,1,0,O
0,0,1,2025-02-21 01:00:26,1,0,1,0,O
1,0,1,2025-02-21 01:00:26,0,1,0,1,O
1,0,0,2025-02-21 01:00:26,1,0,1,0,O
0,1,1,2025-02-21 01:00:26,0,1,0,1,O
1,1,0,2025-02-21 01:00:26,0,1,0,1,O
0,0,1,2025-02-21 01:00:26,1,0,1,0,O
1,1,1,2025-02-21 01:00:26,1,1,1,1,O
1,0,0,2025-02-21 01:00:26,1,0,1,0,O
1,0,1,2025-02-21 01:32:37,0,1,0,1,O
0,1,0,2025-02-21 01:32:37,1,0,1,0,O
1,0,0,2025-02-21 01:32:37,1,0,1,0,O
0,0,1,2025-02-21 01:32:37,1,0,1,0,O
0,0,0,2025-02-21 01:32:37,0,0,0,0,O
1,1,1,2025-02-21 01:32:37,1,1,1,1,O
1,0,1,2025-02-21 01:32:37,0,1,0,1,O
0,1,1,2025-02-21 01:32:37,0,1,0,1,O
1,0,0,2025-02-21 01:49:26,1,0,1,0,O
0,0,0,2025-02-21 01:49:26,0,0,0,0,O
0,1,1,2025-02-21 01:49:26,0,1,0,1,O
1,0,1,2025-02-21 01:49:26,0,1,0,1,O
0,0,1,2025-02-21 01:49:26,1,0,1,0,O
1,1,0,2025-02-21 01:49:26,0,1,0,1,O
0,0,0,2025-02-21 01:49:26,0,0,0,0,O
1,1,0,2025-02-21 01:49:26,0,1,0,1,O
1,0,1,2025-02-21 02:00:30,0,1,0,1,O
1,1,1,2025-02-21 02:00:30,1,1,1,1,O
0,1,1,2025-02-21 02:00:30,0,1,0,1,O
0,1,0,2025-02-21 02:00:30,1,0,1,0,O
1,1,0,2025-02-21 02:00:30,0,1,0,1,O
0,0,0,2025-02-21 02:00:30,0,0,0,0,O
1,1,1,2025-02-21 02:00:30,1,1,1,1,O
1,0,0,2025-02-21 02:00:30,1,0,1,0,O
1,0,1,2025-02-21 02:22:15,0,1,0,1,O
0,0,0,2025-02-21 02:22:15,0,0,0,0,O
1,1,1,2025-02-21 02:22:15,1,1,1,1,O
0,0,0,2025-02-21 02:22:15,0,0,0,0,O
0,0,1,2025-02-21 02:22:15,1,0,1,0,O
1,1,1,2025-02-21 02:22:15,1,1,1,1,O
0,0,1,2025-02-21 02:22:15,1,0,1,0,O
1,0,1,2025-02-21 02:22:15,0,1,0,1,O
0,0,0,2025-02-21 02:35:58,0,0,0,0,O
0,1,0,2025-02-21 02:35:58,1,0,1,0,O
1,1,1,2025-02-21 02:35:58,1,1,1,1,O
0,0,0,2025-02-21 02:35:58,0,0,0,0,O
0,1,1,2025-02-21 02:35:58,0,1,0,1,O
1,1,0,2025-02-21 02:35:58,0,1,0,1,O
1,0,0,2025-02-21 02:35:58,1,0,1,0,O
0,1,0,2025-02-21 02:35:58,1,0,1,0,O
1,1,0,2025-02-21 02:47:04,0,1,0,1,O
1,0,0,2025-02-21 02:47:04,1,0,1,0,O
0,1,1,2025-02-21 02:47:04,0,1,0,1,O
1,1,0,2025-02-21 02:47:04,0,1,0,1,O
1,0,0,2025-02-21 02:47:04,1,0,1,0,O
1,1,1,2025-02-21 02:47:04,1,1,1,1,O
0,0,0,2025-02-21 02:47:04,0,0,0,0,O
1,0,0,2025-02-21 02:47:04,1,0,1,0,O
1,1,1,2025-02-21 02:58:16,1,1,1,1,O
0,1,0,2025-02-21 02:58:16,1,0,1,0,O
0,0,0,2025-02-21 02:58:16,0,0,0,0,O
1,1,0,2025-02-21 02:58:16,0,1,0,1,O
0,1,0,2025-02-21 02:58:16,1,0,1,0,O
1,1,0,2025-02-21 02:58:16,0,1,0,1,O
1,0,1,2025-02-21 02:58:16,0,1,0,1,O
1,1,1,2025-02-21 02:58:16,1,1,1,1,O
1,0,0,2025-02-21 03:33:27,1,0,1,0,O
0,0,0,2025-02-21 03:33:27,0,0,0,0,O
0,0,0,2025-02-21 03:33:27,0,0,0,0,O
1,1,0,2025-02-21 03:33:27,0,1,0,1,O
0,1,1,2025-02-21 03:33:27,0,1,0,1,O
0,0,0,2025-02-21 03:33:27,0,0,0,0,O
1,1,0,2025-02-21 03:33:27,0,1,0,1,O
0,1,0,2025-02-21 03:33:27,1,0,1,0,O
1,0,0,2025-02-21 03:47:58,1,0,1,0,O
1,0,1,2025-02-21 03:47:58,0,1,0,1,O
1,0,0,2025-02-21 03:47:58,1,0,1,0,O
0,0,0,2025-02-21 03:47:58,0,0,0,0,O
0,0,0,2025-02-21 03:47:58,0,0,0,0,O
0,1,1,2025-02-21 03:47:58,0,1,0,1,O
0,1,1,2025-02-21 03:47:58,0,1,0,1,O
0,0,1,2025-02-21 03:47:58,1,0,1,0,O
1,1,1,2025-02-21 03:59:07,1,1,1,1,O
0,0,0,2025-02-21 03:59:07,0,0,0,0,O
1,0,0,2025-02-21 03:59:07,1,0,1,0,O
0,1,0,2025-02-21 03:59:07,1,0,1,0,O
0,0,1,2025-02-21 03:59:07,1,0,1,0,O
1,1,1,2025-02-21 03:59:07,1,1,1,1,O
0,1,1,2025-02-21 03:59:07,0,1,0,1,O
0,1,0,2025-02-21 03:59:07,1,0,1,0,O
0,0,0,2025-02-21 04:18:57,0,0,0,0,O
1,0,0,2025-02-21 04:18:57,1,0,1,0,O
0,0,1,2025-02-21 04:18:57,1,0,1,0,O
1,1,1,2025-02-21 04:18:57,1,1,1,1,O
1,0,0,2025-02-21 04:18:57,1,0,1,0,O
1,1,1,2025-02-21 04:18:57,1,1,1,1,O
0,1,1,2025-02-21 04:18:57,0,1,0,1,O
1,0,0,2025-02-21 04:18:57,1,0,1,0,O
0,0,0,2025-02-21 04:29:53,0,0,0,0,O
0,0,0,2025-02-21 04:29:53,0,0,0,0,O
1,0,0,2025-02-21 04:29:53,1,0,1,0,O
0,0,1,2025-02-21 04:29:53,1,0,1,0,O
0,0,1,2025-02-21 04:29:53,1,0,1,0,O
1,1,0,2025-02-21 04:29:53,0,1,0,1,O
1,1,0,2025-02-21 04:29:53,0,1,0,1,O
1,0,0,2025-02-21 04:29:53,1,0,1,0,O
1,0,0,2025-02-21 04:40:54,1,0,1,0,O
1,1,0,2025-02-21 04:40:54,0,1,0,1,O
0,0,0,2025-02-21 04:40:54,0,0,0,0,O
1,0,1,2025-02-21 04:40:54,0,1,0,1,O
0,1,1,2025-02-21 04:40:54,0,1,0,1,O
0,1,1,2025-02-21 04:40:54,0,1,0,1,O
0,1,0,2025-02-21 04:40:54,1,0,1,0,O
0,1,1,2025-02-21 04:40:54,0,1,0,1,O
1,1,0,2025-02-21 04:51:58,0,1,0,1,O
1,0,1,2025-02-21 04:51:58,0,1,0,1,O
0,1,1,2025-02-21 04:51:58,0,1,0,1,O
0,0,0,2025-02-21 04:51:58,0,0,0,0,O
1,0,0,2025-02-21 04:51:58,1,0,1,0,O
0,0,0,2025-02-21 04:51:58,0,0,0,0,O
1,0,0,2025-02-21 04:51:58,1,0,1,0,O
1,1,1,2025-02-21 04:51:58,1,1,1,1,O
0,0,1,2025-02-21 05:14:24,1,0,1,0,O
1,0,1,2025-02-21 05:14:24,0,1,0,1,O
0,0,1,2025-02-21 05:14:24,1,0,1,0,O
1,0,1,2025-02-21 05:14:24,0,1,0,1,O
1,1,1,2025-02-21 05:14:24,1,1,1,1,O
1,0,1,2025-02-21 05:14:24,0,1,0,1,O
1,0,1,2025-02-21 05:14:24,0,1,0,1,O
1,0,1,2025-02-21 05:14:24,0,1,0,1,O
1,0,1,2025-02-21 05:31:41,0,1,0,1,O
0,0,0,2025-02-21 05:31:41,0,0,0,0,O
0,1,0,2025-02-21 05:31:41,1,0,1,0,O
0,1,0,2025-02-21 05:31:41,1,0,1,0,O
0,1,1,2025-02-21 05:31:41,0,1,0,1,O
1,0,1,2025-02-21 05:31:41,0,1,0,1,O
1,1,0,2025-02-21 05:31:41,0,1,0,1,O
1,0,1,2025-02-21 05:31:41,0,1,0,1,O
1,1,1,2025-02-21 05:43:18,1,1,1,1,O
1,0,0,2025-02-21 05:43:18,1,0,1,0,O
1,1,0,2025-02-21 05:43:18,0,1,0,1,O
0,0,0,2025-02-21 05:43:18,0,0,0,0,O
0,0,0,2025-02-21 05:43:18,0,0,0,0,O
1,1,1,2025-02-21 05:43:18,1,1,1,1,O
1,0,0,2025-02-21 05:43:18,1,0,1,0,O
1,0,1,2025-02-21 05:43:18,0,1,0,1,O
0,1,0,2025-02-21 05:54:27,1,0,1,0,O
0,1,1,2025-02-21 05:54:27,0,1,0,1,O
0,1,0,2025-02-21 05:54:27,1,0,1,0,O
0,0,0,2025-02-21 05:54:27,0,0,0,0,O
1,1,1,2025-02-21 05:54:27,1,1,1,1,O
0,0,1,2025-02-21 05:54:27,1,0,1,0,O
1,0,0,2025-02-21 05:54:27,1,0,1,0,O
0,1,0,2025-02-21 05:54:27,1,0,1,0,O
1,1,0,2025-02-21 06:14:08,0,1,0,1,O
1,1,1,2025-02-21 06:14:08,1,1,1,1,O
0,0,1,2025-02-21 06:14:08,1,0,1,0,O
0,0,0,2025-02-21 06:14:08,0,0,0,0,O
0,0,1,2025-02-21 06:14:08,1,0,1,0,O
0,1,0,2025-02-21 06:14:08,1,0,1,0,O
0,0,1,2025-02-21 06:14:08,1,0,1,0,O
1,0,0,2025-02-21 06:14:08,1,0,1,0,O
0,0,1,2025-02-21 06:29:03,1,0,1,0,O
0,1,0,2025-02-21 06:29:03,1,0,1,0,O
1,1,1,2025-02-21 06:29:03,1,1,1,1,O
1,0,0,2025-02-21 06:29:03,1,0,1,0,O
0,0,0,2025-02-21 06:29:03,0,0,0,0,O
0,0,1,2025-02-21 06:29:03,1,0,1,0,O
1,1,0,2025-02-21 06:29:03,0,1,0,1,O
1,0,0,2025-02-21 06:29:03,1,0,1,0,O
0,0,1,2025-02-21 06:40:45,1,0,1,0,O
0,0,0,2025-02-21 06:40:45,0,0,0,0,O
0,0,1,2025-02-21 06:40:45,1,0,1,0,O
1,0,0,2025-02-21 06:40:45,1,0,1,0,O
1,0,0,2025-02-21 06:40:45,1,0,1,0,O
1,1,0,2025-02-21 06:40:45,0,1,0,1,O
1,0,1,2025-02-21 06:40:45,0,1,0,1,O
0,0,0,2025-02-21 06:40:45,0,0,0,0,O
0,0,1,2025-02-21 06:51:15,1,0,1,0,O
0,1,1,2025-02-21 06:51:15,0,1,0,1,O
0,0,1,2025-02-21 06:51:15,1,0,1,0,O
1,1,0,2025-02-21 06:51:15,0,1,0,1,O
1,1,0,2025-02-21 06:51:15,0,1,0,1,O
1,1,0,2025-02-21 06:51:15,0,1,0,1,O
1,0,0,2025-02-21 06:51:15,1,0,1,0,O
1,1,1,2025-02-21 06:51:15,1,1,1,1,O
0,1,1,2025-02-21 07:09:51,0,1,0,1,O
0,1,0,2025-02-21 07:09:51,1,0,1,0,O
0,0,1,2025-02-21 07:09:51,1,0,1,0,O
1,0,0,2025-02-21 07:09:51,1,0,1,0,O
1,0,1,2025-02-21 07:09:51,0,1,0,1,O
0,1,0,2025-02-21 07:09:51,1,0,1,0,O
1,0,0,2025-02-21 07:09:51,1,0,1,0,O
1,0,1,2025-02-21 07:09:51,0,1,0,1,O
1,0,0,2025-02-21 07:30:58,1,0,1,0,O
1,1,1,2025-02-21 07:30:58,1,1,1,1,O
1,1,1,2025-02-21 07:30:58,1,1,1,1,O
0,0,1,2025-02-21 07:30:58,1,0,1,0,O
1,0,1,2025-02-21 07:30:58,0,1,0,1,O
1,1,1,2025-02-21 07:30:58,1,1,1,1,O
0,0,0,2025-02-21 07:30:58,0,0,0,0,O
0,1,1,2025-02-21 07:30:58,0,1,0,1,O
0,0,1,2025-02-21 07:42:31,1,0,1,0,O
0,1,1,2025-02-21 07:42:31,0,1,0,1,O
0,1,0,2025-02-21 07:42:31,1,0,1,0,O
0,1,0,2025-02-21 07:42:31,1,0,1,0,O
0,1,0,2025-02-21 07:42:31,1,0,1,0,O
1,1,0,2025-02-21 07:42:31,0,1,0,1,O
0,0,0,2025-02-21 07:42:31,0,0,0,0,O
1,1,0,2025-02-21 07:42:31,0,1,0,1,O
0,1,1,2025-02-21 07:53:44,0,1,0,1,O
0,1,1,2025-02-21 07:53:44,0,1,0,1,O
1,0,0,2025-02-21 07:53:44,1,0,1,0,O
0,1,0,2025-02-21 07:53:44,1,0,1,0,O
1,0,1,2025-02-21 07:53:44,0,1,0,1,O
1,1,0,2025-02-21 07:53:44,0,1,0,1,O
0,1,1,2025-02-21 07:53:44,0,1,0,1,O
0,0,0,2025-02-21 07:53:44,0,0,0,0,O
0,1,0,2025-02-21 08:14:39,1,0,1,0,O
1,0,0,2025-02-21 08:14:39,1,0,1,0,O
0,1,0,2025-02-21 08:14:39,1,0,1,0,O
0,1,1,2025-02-21 08:14:39,0,1,0,1,O
0,0,1,2025-02-21 08:14:39,1,0,1,0,O
0,0,0,2025-02-21 08:14:39,0,0,0,0,O
1,1,1,2025-02-21 08:14:39,1,1,1,1,O
1,1,0,2025-02-21 08:14:39,0,1,0,1,O
0,0,1,2025-02-21 08:30:09,1,0,1,0,O
1,1,1,2025-02-21 08:30:09,1,1,1,1,O
1,0,1,2025-02-21 08:30:09,0,1,0,1,O
0,1,0,2025-02-21 08:30:09,1,0,1,0,O
0,0,0,2025-02-21 08:30:09,0,0,0,0,O
0,0,0,2025-02-21 08:30:09,0,0,0,0,O
1,0,0,2025-02-21 08:30:09,1,0,1,0,O
0,0,1,2025-02-21 08:30:09,1,0,1,0,O
1,0,1,2025-02-21 08:41:07,0,1,0,1,O
1,1,1,2025-02-21 08:41:07,1,1,1,1,O
0,0,1,2025-02-21 08:41:07,1,0,1,0,O
1,0,0,2025-02-21 08:41:07,1,0,1,0,O
1,1,0,2025-02-21 08:41:07,0,1,0,1,O
1,0,1,2025-02-21 08:41:07,0,1,0,1,O
0,0,0,2025-02-21 08:41:07,0,0,0,0,O
1,0,1,2025-02-21 08:41:07,0,1,0,1,O
1,0,1,2025-02-21 08:52:22,0,1,0,1,O
0,0,1,2025-02-21 08:52:22,1,0,1,0,O
0,0,1,2025-02-21 08:52:22,1,0,1,0,O
1,0,0,2025-02-21 08:52:22,1,0,1,0,O
0,0,0,2025-02-21 08:52:22,0,0,0,0,O
0,0,0,2025-02-21 08:52:22,0,0,0,0,O
1,1,1,2025-02-21 08:52:22,1,1,1,1,O
0,0,1,2025-02-21 08:52:22,1,0,1,0,O
1,1,0,2025-02-21 09:59:01,0,1,0,1,O
1,1,1,2025-02-21 09:59:01,1,1,1,1,O
0,0,0,2025-02-21 09:59:01,0,0,0,0,O
0,1,1,2025-02-21 09:59:01,0,1,0,1,O
1,1,1,2025-02-21 09:59:01,1,1,1,1,O
0,1,0,2025-02-21 09:59:01,1,0,1,0,O
0,0,0,2025-02-21 09:59:01,0,0,0,0,O
0,0,0,2025-02-21 09:59:01,0,0,0,0,O
0,1,0,2025-02-21 11:21:28,1,0,1,0,O
0,1,1,2025-02-21 11:21:28,0,1,0,1,O
1,0,1,2025-02-21 11:21:28,0,1,0,1,O
1,0,0,2025-02-21 11:21:28,1,0,1,0,O
1,1,1,2025-02-21 11:21:28,1,1,1,1,O
1,0,1,2025-02-21 11:21:28,0,1,0,1,O
1,1,1,2025-02-21 11:21:28,1,1,1,1,O
0,0,0,2025-02-21 11:21:28,0,0,0,0,O
0,0,0,2025-02-21 12:00:27,0,0,0,0,O
1,1,0,2025-02-21 12:00:27,0,1,0,1,O
1,1,1,2025-02-21 12:00:27,1,1,1,1,O
0,1,1,2025-02-21 12:00:27,0,1,0,1,O
1,1,1,2025-02-21 12:00:27,1,1,1,1,O
1,1,0,2025-02-21 12:00:27,0,1,0,1,O
0,1,1,2025-02-21 12:00:27,0,1,0,1,O
1,1,0,2025-02-21 12:00:27,0,1,0,1,O
0,0,0,2025-02-21 12:29:40,0,0,0,0,O
0,1,0,2025-02-21 12:29:40,1,0,1,0,O
1,1,0,2025-02-21 12:29:40,0,1,0,1,O
0,0,1,2025-02-21 12:29:40,1,0,1,0,O
0,0,0,2025-02-21 12:29:40,0,0,0,0,O
0,0,0,2025-02-21 12:29:40,0,0,0,0,O
0,0,0,2025-02-21 12:29:40,0,0,0,0,O
0,0,0,2025-02-21 12:29:40,0,0,0,0,O
1,1,0,2025-02-21 12:44:09,0,1,0,1,O
0,1,0,2025-02-21 12:44:09,1,0,1,0,O
1,0,1,2025-02-21 12:44:09,0,1,0,1,O
0,0,1,2025-02-21 12:44:09,1,0,1,0,O
1,1,1,2025-02-21 12:44:09,1,1,1,1,O
1,0,1,2025-02-21 12:44:09,0,1,0,1,O
1,1,1,2025-02-21 12:44:09,1,1,1,1,O
0,1,1,2025-02-21 12:44:09,0,1,0,1,O
1,0,1,2025-02-21 12:55:16,0,1,0,1,O
0,0,0,2025-02-21 12:55:16,0,0,0,0,O
0,1,0,2025-02-21 12:55:16,1,0,1,0,O
0,1,0,2025-02-21 12:55:16,1,0,1,0,O
1,1,0,2025-02-21 12:55:16,0,1,0,1,O
1,1,1,2025-02-21 12:55:16,1,1,1,1,O
0,1,0,2025-02-21 12:55:16,1,0,1,0,O
0,1,1,2025-02-21 12:55:16,0,1,0,1,O
1,1,0,2025-02-21 13:23:24,0,1,0,1,O
1,1,0,2025-02-21 13:23:24,0,1,0,1,O
0,1,1,2025-02-21 13:23:24,0,1,0,1,O
1,1,1,2025-02-21 13:23:24,1,1,1,1,O
1,1,1,2025-02-21 13:23:24,1,1,1,1,O
1,1,1,2025-02-21 13:23:24,1,1,1,1,O
1,0,0,2025-02-21 13:23:24,1,0,1,0,O
1,1,1,2025-02-21 13:23:24,1,1,1,1,O
0,1,1,2025-02-21 13:42:52,0,1,0,1,O
0,0,1,2025-02-21 13:42:52,1,0,1,0,O
0,0,1,2025-02-21 13:42:52,1,0,1,0,O
0,1,1,2025-02-21 13:42:52,0,1,0,1,O
0,0,1,2025-02-21 13:42:52,1,0,1,0,O
0,0,1,2025-02-21 13:42:52,1,0,1,0,O
0,1,1,2025-02-21 13:42:52,0,1,0,1,O
1,1,0,2025-02-21 13:42:52,0,1,0,1,O
1,1,1,2025-02-21 13:54:00,1,1,1,1,O
0,0,0,2025-02-21 13:54:00,0,0,0,0,O
1,1,0,2025-02-21 13:54:00,0,1,0,1,O
1,0,0,2025-02-21 13:54:00,1,0,1,0,O
0,1,0,2025-02-21 13:54:00,1,0,1,0,O
1,1,1,2025-02-21 13:54:00,1,1,1,1,O
0,0,0,2025-02-21 13:54:00,0,0,0,0,O
1,1,1,2025-02-21 13:54:00,1,1,1,1,O
0,0,0,2025-02-21 14:15:19,0,0,0,0,O
1,1,0,2025-02-21 14:15:19,0,1,0,1,O
1,1,1,2025-02-21 14:15:19,1,1,1,1,O
0,1,1,2025-02-21 14:15:19,0,1,0,1,O
1,1,0,2025-02-21 14:15:19,0,1,0,1,O
1,0,0,2025-02-21 14:15:19,1,0,1,0,O
1,1,1,2025-02-21 14:15:19,1,1,1,1,O
1,1,0,2025-02-21 14:15:19,0,1,0,1,O
0,0,0,2025-02-21 14:32:52,0,0,0,0,O
1,1,0,2025-02-21 14:32:52,0,1,0,1,O
0,1,1,2025-02-21 14:32:52,0,1,0,1,O
0,1,1,2025-02-21 14:32:52,0,1,0,1,O
0,1,0,2025-02-21 14:32:52,1,0,1,0,O
0,1,1,2025-02-21 14:32:52,0,1,0,1,O
1,0,1,2025-02-21 14:32:52,0,1,0,1,O
1,1,0,2025-02-21 14:32:52,0,1,0,1,O
1,0,0,2025-02-21 14:43:59,1,0,1,0,O
1,0,0,2025-02-21 14:43:59,1,0,1,0,O
1,1,0,2025-02-21 14:43:59,0,1,0,1,O
0,1,0,2025-02-21 14:43:59,1,0,1,0,O
0,1,0,2025-02-21 14:43:59,1,0,1,0,O
0,1,1,2025-02-21 14:43:59,0,1,0,1,O
0,1,0,2025-02-21 14:43:59,1,0,1,0,O
1,0,0,2025-02-21 14:43:59,1,0,1,0,O
0,1,1,2025-02-21 14:55:12,0,1,0,1,O
1,1,0,2025-02-21 14:55:12,0,1,0,1,O
1,0,1,2025-02-21 14:55:12,0,1,0,1,O
1,1,1,2025-02-21 14:55:12,1,1,1,1,O
1,0,0,2025-02-21 14:55:12,1,0,1,0,O
1,0,0,2025-02-21 14:55:12,1,0,1,0,O
1,1,1,2025-02-21 14:55:12,1,1,1,1,O
1,1,0,2025-02-21 14:55:12,0,1,0,1,O
1,0,1,2025-02-21 15:25:58,0,1,0,1,O
1,0,1,2025-02-21 15:25:58,0,1,0,1,O
1,0,1,2025-02-21 15:25:58,0,1,0,1,O
1,1,1,2025-02-21 15:25:58,1,1,1,1,O
0,0,0,2025-02-21 15:25:58,0,0,0,0,O
0,1,1,2025-02-21 15:25:58,0,1,0,1,O
0,0,0,2025-02-21 15:25:58,0,0,0,0,O
0,1,1,2025-02-21 15:25:58,0,1,0,1,O
0,0,0,2025-02-21 15:44:58,0,0,0,0,O
0,1,0,2025-02-21 15:44:58,1,0,1,0,O
1,0,1,2025-02-21 15:44:58,0,1,0,1,O
0,0,0,2025-02-21 15:44:58,0,0,0,0,O
0,1,0,2025-02-21 15:44:58,1,0,1,0,O
0,0,1,2025-02-21 15:44:58,1,0,1,0,O
0,1,1,2025-02-21 15:44:58,0,1,0,1,O
1,1,1,2025-02-21 15:44:58,1,1,1,1,O
1,0,1,2025-02-21 15:56:18,0,1,0,1,O
1,1,1,2025-02-21 15:56:18,1,1,1,1,O
0,0,1,2025-02-21 15:56:18,1,0,1,0,O
1,1,0,2025-02-21 15:56:18,0,1,0,1,O
1,0,1,2025-02-21 15:56:18,0,1,0,1,O
0,1,0,2025-02-21 15:56:18,1,0,1,0,O
1,1,1,2025-02-21 15:56:18,1,1,1,1,O
0,1,0,2025-02-21 15:56:18,1,0,1,0,O
1,0,1,2025-02-21 16:20:31,0,1,0,1,O
1,0,0,2025-02-21 16:20:31,1,0,1,0,O
0,1,1,2025-02-21 16:20:31,0,1,0,1,O
1,1,0,2025-02-21 16:20:31,0,1,0,1,O
1,1,1,2025-02-21 16:20:31,1,1,1,1,O
1,0,0,2025-02-21 16:20:31,1,0,1,0,O
0,0,1,2025-02-21 16:20:31,1,0,1,0,O
0,0,1,2025-02-21 16:20:31,1,0,1,0,O
0,1,0,2025-02-21 16:30:33,1,0,1,0,O
1,0,0,2025-02-21 16:30:33,1,0,1,0,O
1,0,0,2025-02-21 16:30:33,1,0,1,0,O
1,0,1,2025-02-21 16:30:33,0,1,0,1,O
0,0,0,2025-02-21 16:30:33,0,0,0,0,O
1,1,0,2025-02-21 16:30:33,0,1,0,1,O
0,1,0,2025-02-21 16:30:33,1,0,1,0,O
1,0,1,2025-02-21 16:30:33,0,1,0,1,O
0,0,0,2025-02-21 16:41:48,0,0,0,0,O
0,0,0,2025-02-21 16:41:48,0,0,0,0,O
1,1,0,2025-02-21 16:41:48,0,1,0,1,O
0,1,1,2025-02-21 16:41:48,0,1,0,1,O
1,0,1,2025-02-21 16:41:48,0,1,0,1,O
0,0,0,2025-02-21 16:41:48,0,0,0,0,O
1,0,0,2025-02-21 16:41:48,1,0,1,0,O
1,0,0,2025-02-21 16:41:48,1,0,1,0,O
0,1,1,2025-02-21 16:53:07,0,1,0,1,O
1,1,0,2025-02-21 16:53:07,0,1,0,1,O
0,0,1,2025-02-21 16:53:07,1,0,1,0,O
1,0,1,2025-02-21 16:53:07,0,1,0,1,O
1,0,0,2025-02-21 16:53:07,1,0,1,0,O
0,1,1,2025-02-21 16:53:07,0,1,0,1,O
0,0,1,2025-02-21 16:53:07,1,0,1,0,O
1,0,1,2025-02-21 16:53:07,0,1,0,1,O
0,1,1,2025-02-21 17:18:08,0,1,0,1,O
1,1,0,2025-02-21 17:18:08,0,1,0,1,O
1,0,1,2025-02-21 17:18:08,0,1,0,1,O
1,1,1,2025-02-21 17:18:08,1,1,1,1,O
0,1,0,2025-02-21 17:18:08,1,0,1,0,O
0,1,1,2025-02-21 17:18:08,0,1,0,1,O
1,0,1,2025-02-21 17:18:08,0,1,0,1,O
0,0,0,2025-02-21 17:18:08,0,0,0,0,O
0,0,1,2025-02-21 17:38:24,1,0,1,0,O
1,0,1,2025-02-21 17:38:24,0,1,0,1,O
1,0,0,2025-02-21 17:38:24,1,0,1,0,O
0,1,1,2025-02-21 17:38:24,0,1,0,1,O
0,1,1,2025-02-21 17:38:24,0,1,0,1,O
0,1,1,2025-02-21 17:38:24,0,1,0,1,O
0,1,1,2025-02-21 17:38:24,0,1,0,1,O
0,0,0,2025-02-21 17:38:24,0,0,0,0,O
1,0,0,2025-02-21 17:49:40,1,0,1,0,O
0,0,0,2025-02-21 17:49:40,0,0,0,0,O
0,1,0,2025-02-21 17:49:40,1,0,1,0,O
0,1,0,2025-02-21 17:49:40,1,0,1,0,O
1,0,1,2025-02-21 17:49:40,0,1,0,1,O
1,0,0,2025-02-21 17:49:40,1,0,1,0,O
0,0,1,2025-02-21 17:49:40,1,0,1,0,O
1,0,0,2025-02-21 17:49:40,1,0,1,0,O
0,0,1,2025-02-21 18:00:53,1,0,1,0,O
1,1,0,2025-02-21 18:00:53,0,1,0,1,O
1,0,1,2025-02-21 18:00:53,0,1,0,1,O
1,0,1,2025-02-21 18:00:53,0,1,0,1,O
0,0,1,2025-02-21 18:00:53,1,0,1,0,O
1,1,0,2025-02-21 18:00:53,0,1,0,1,O
0,1,1,2025-02-21 18:00:53,0,1,0,1,O
0,0,0,2025-02-21 18:00:53,0,0,0,0,O
1,0,0,2025-02-21 18:25:42,1,0,1,0,O
0,0,1,2025-02-21 18:25:42,1,0,1,0,O
0,1,1,2025-02-21 18:25:42,0,1,0,1,O
1,0,0,2025-02-21 18:25:42,1,0,1,0,O
0,0,0,2025-02-21 18:25:42,0,0,0,0,O
1,1,1,2025-02-21 18:25:42,1,1,1,1,O
1,1,0,2025-02-21 18:25:42,0,1,0,1,O
1,1,1,2025-02-21 18:25:42,1,1,1,1,O
1,1,1,2025-02-21 18:38:52,1,1,1,1,O
0,0,1,2025-02-21 18:38:52,1,0,1,0,O
0,1,0,2025-02-21 18:38:52,1,0,1,0,O
0,1,1,2025-02-21 18:38:52,0,1,0,1,O
0,1,1,2025-02-21 18:38:52,0,1,0,1,O
1,0,0,2025-02-21 18:38:52,1,0,1,0,O
0,0,0,2025-02-21 18:38:52,0,0,0,0,O
0,1,1,2025-02-21 18:38:52,0,1,0,1,O
0,1,0,2025-02-21 18:49:52,1,0,1,0,O
0,1,1,2025-02-21 18:49:52,0,1,0,1,O
0,1,1,2025-02-21 18:49:52,0,1,0,1,O
0,1,1,2025-02-21 18:49:52,0,1,0,1,O
1,1,0,2025-02-21 18:49:52,0,1,0,1,O
1,1,0,2025-02-21 18:49:52,0,1,0,1,O
1,0,0,2025-02-21 18:49:52,1,0,1,0,O
0,0,1,2025-02-21 18:49:52,1,0,1,0,O
1,1,1,2025-02-21 19:08:20,1,1,1,1,O
1,0,0,2025-02-21 19:08:20,1,0,1,0,O
1,0,1,2025-02-21 19:08:20,0,1,0,1,O
0,1,0,2025-02-21 19:08:20,1,0,1,0,O
1,0,1,2025-02-21 19:08:20,0,1,0,1,O
0,1,0,2025-02-21 19:08:20,1,0,1,0,O
0,1,1,2025-02-21 19:08:20,0,1,0,1,O
1,1,1,2025-02-21 19:08:20,1,1,1,1,O
1,1,1,2025-02-21 19:32:39,1,1,1,1,O
0,0,0,2025-02-21 19:32:39,0,0,0,0,O
0,1,1,2025-02-21 19:32:39,0,1,0,1,O
0,0,1,2025-02-21 19:32:39,1,0,1,0,O
0,0,0,2025-02-21 19:32:39,0,0,0,0,O
1,0,1,2025-02-21 19:32:39,0,1,0,1,O
1,0,0,2025-02-21 19:32:39,1,0,1,0,O
1,1,1,2025-02-21 19:32:39,1,1,1,1,O
1,0,1,2025-02-21 19:45:02,0,1,0,1,O
1,0,0,2025-02-21 19:45:02,1,0,1,0,O
0,1,1,2025-02-21 19:45:02,0,1,0,1,O
0,0,0,2025-02-21 19:45:02,0,0,0,0,O
1,0,0,2025-02-21 19:45:02,1,0,1,0,O
0,0,1,2025-02-21 19:45:02,1,0,1,0,O
1,1,0,2025-02-21 19:45:02,0,1,0,1,O
0,0,1,2025-02-21 19:45:02,1,0,1,0,O
1,0,0,2025-02-21 19:55:30,1,0,1,0,O
1,1,1,2025-02-21 19:55:30,1,1,1,1,O
1,0,0,2025-02-21 19:55:30,1,0,1,0,O
1,0,1,2025-02-21 19:55:30,0,1,0,1,O
1,0,1,2025-02-21 19:55:30,0,1,0,1,O
1,0,0,2025-02-21 19:55:30,1,0,1,0,O
1,0,1,2025-02-21 19:55:30,0,1,0,1,O
1,0,0,2025-02-21 19:55:30,1,0,1,0,O
1,0,0,2025-02-21 20:16:42,1,0,1,0,O
1,0,1,2025-02-21 20:16:42,0,1,0,1,O
0,0,0,2025-02-21 20:16:42,0,0,0,0,O
1,0,1,2025-02-21 20:16:42,0,1,0,1,O
1,1,1,2025-02-21 20:16:42,1,1,1,1,O
0,1,0,2025-02-21 20:16:42,1,0,1,0,O
1,1,0,2025-02-21 20:16:42,0,1,0,1,O
0,1,1,2025-02-21 20:16:42,0,1,0,1,O
0,1,0,2025-02-21 20:28:30,1,0,1,0,O
1,0,0,2025-02-21 20:28:30,1,0,1,0,O
0,0,0,2025-02-21 20:28:30,0,0,0,0,O
1,1,1,2025-02-21 20:28:30,1,1,1,1,O
1,0,0,2025-02-21 20:28:30,1,0,1,0,O
1,0,1,2025-02-21 20:28:30,0,1,0,1,O
0,0,0,2025-02-21 20:28:30,0,0,0,0,O
0,1,0,2025-02-21 20:28:30,1,0,1,0,O
0,1,1,2025-02-21 20:39:50,0,1,0,1,O
0,0,0,2025-02-21 20:39:50,0,0,0,0,O
0,0,0,2025-02-21 20:39:50,0,0,0,0,O
0,1,0,2025-02-21 20:39:50,1,0,1,0,O
0,1,0,2025-02-21 20:39:50,1,0,1,0,O
1,0,0,2025-02-21 20:39:50,1,0,1,0,O
1,0,1,2025-02-21 20:39:50,0,1,0,1,O
1,1,1,2025-02-21 20:39:50,1,1,1,1,O
1,0,0,2025-02-21 20:51:06,1,0,1,0,O
1,1,1,2025-02-21 20:51:06,1,1,1,1,O
1,1,1,2025-02-21 20:51:06,1,1,1,1,O
0,1,1,2025-02-21 20:51:06,0,1,0,1,O
1,0,1,2025-02-21 20:51:06,0,1,0,1,O
0,1,1,2025-02-21 20:51:06,0,1,0,1,O
0,0,0,2025-02-21 20:51:06,0,0,0,0,O
0,0,1,2025-02-21 20:51:06,1,0,1,0,O
1,1,0,2025-02-21 21:18:44,0,1,0,1,O
0,0,0,2025-02-21 21:18:44,0,0,0,0,O
0,1,1,2025-02-21 21:18:44,0,1,0,1,O
0,0,0,2025-02-21 21:18:44,0,0,0,0,O
0,1,0,2025-02-21 21:18:44,1,0,1,0,O
0,1,0,2025-02-21 21:18:44,1,0,1,0,O
0,0,1,2025-02-21 21:18:44,1,0,1,0,O
1,0,1,2025-02-21 21:18:44,0,1,0,1,O
0,0,0,2025-02-21 21:54:44,0,0,0,0,O
1,1,0,2025-02-21 21:54:44,0,1,0,1,O
0,0,0,2025-02-21 21:54:44,0,0,0,0,O
1,1,1,2025-02-21 21:54:44,1,1,1,1,O
0,1,0,2025-02-21 21:54:44,1,0,1,0,O
1,1,0,2025-02-21 21:54:44,0,1,0,1,O
1,0,0,2025-02-21 21:54:44,1,0,1,0,O
0,0,1,2025-02-21 21:54:44,1,0,1,0,O
0,1,0,2025-02-21 22:22:48,1,0,1,0,O
0,1,0,2025-02-21 22:22:48,1,0,1,0,O
1,0,0,2025-02-21 22:22:48,1,0,1,0,O
1,0,1,2025-02-21 22:22:48,0,1,0,1,O
1,0,1,2025-02-21 22:22:48,0,1,0,1,O
1,0,1,2025-02-21 22:22:48,0,1,0,1,O
1,1,0,2025-02-21 22:22:48,0,1,0,1,O
1,0,1,2025-02-21 22:22:48,0,1,0,1,O
0,1,1,2025-02-21 22:36:34,0,1,0,1,O
0,0,1,2025-02-21 22:36:34,1,0,1,0,O
0,1,0,2025-02-21 22:36:34,1,0,1,0,O
1,1,1,2025-02-21 22:36:34,1,1,1,1,O
0,0,1,2025-02-21 22:36:34,1,0,1,0,O
1,0,0,2025-02-21 22:36:34,1,0,1,0,O
0,0,0,2025-02-21 22:36:34,0,0,0,0,O
0,0,0,2025-02-21 22:36:34,0,0,0,0,O
1,1,1,2025-02-21 22:47:45,1,1,1,1,O
0,1,0,2025-02-21 22:47:45,1,0,1,0,O
0,0,1,2025-02-21 22:47:45,1,0,1,0,O
0,1,0,2025-02-21 22:47:45,1,0,1,0,O
1,1,1,2025-02-21 22:47:45,1,1,1,1,O
1,1,1,2025-02-21 22:47:45,1,1,1,1,O
0,1,0,2025-02-21 22:47:45,1,0,1,0,O
1,0,1,2025-02-21 22:47:45,0,1,0,1,O
0,0,1,2025-02-21 22:59:01,1,0,1,0,O
1,0,0,2025-02-21 22:59:01,1,0,1,0,O
1,1,1,2025-02-21 22:59:01,1,1,1,1,O
0,1,1,2025-02-21 22:59:01,0,1,0,1,O
1,1,0,2025-02-21 22:59:01,0,1,0,1,O
1,1,1,2025-02-21 22:59:01,1,1,1,1,O
1,0,0,2025-02-21 22:59:01,1,0,1,0,O
0,0,0,2025-02-21 22:59:01,0,0,0,0,O
0,1,1,2025-02-21 23:22:28,0,1,0,1,O
0,1,1,2025-02-21 23:22:28,0,1,0,1,O
1,0,1,2025-02-21 23:22:28,0,1,0,1,O
0,1,1,2025-02-21 23:22:28,0,1,0,1,O
1,0,0,2025-02-21 23:22:28,1,0,1,0,O
0,0,0,2025-02-21 23:22:28,0,0,0,0,O
0,1,0,2025-02-21 23:22:28,1,0,1,0,O
0,1,1,2025-02-21 23:22:28,0,1,0,1,O
0,0,0,2025-02-21 23:37:35,0,0,0,0,O
0,1,1,2025-02-21 23:37:35,0,1,0,1,O
1,1,0,2025-02-21 23:37:35,0,1,0,1,O
0,1,0,2025-02-21 23:37:35,1,0,1,0,O
0,0,0,2025-02-21 23:37:35,0,0,0,0,O
0,1,1,2025-02-21 23:37:35,0,1,0,1,O
0,0,1,2025-02-21 23:37:35,1,0,1,0,O
1,1,0,2025-02-21 23:37:35,0,1,0,1,O
1,1,1,2025-02-21 23:48:48,1,1,1,1,O
1,1,0,2025-02-21 23:48:48,0,1,0,1,O
1,0,0,2025-02-21 23:48:48,1,0,1,0,O
0,1,1,2025-02-21 23:48:48,0,1,0,1,O
0,1,0,2025-02-21 23:48:48,1,0,1,0,O
0,1,0,2025-02-21 23:48:48,1,0,1,0,O
1,1,0,2025-02-21 23:48:48,0,1,0,1,O
0,1,1,2025-02-21 23:48:48,0,1,0,1,O
1,1,0,2025-02-21 23:59:42,0,1,0,1,O
0,1,1,2025-02-21 23:59:42,0,1,0,1,O
0,0,0,2025-02-21 23:59:42,0,0,0,0,O
1,0,0,2025-02-21 23:59:42,1,0,1,0,O
1,0,0,2025-02-21 23:59:42,1,0,1,0,O
1,0,0,2025-02-21 23:59:42,1,0,1,0,O
0,1,1,2025-02-21 23:59:42,0,1,0,1,O
1,1,0,2025-02-21 23:59:42,0,1,0,1,O
0,0,0,2025-02-22 00:25:17,0,0,0,0,O
0,0,0,2025-02-22 00:25:17,0,0,0,0,O
1,0,1,2025-02-22 00:25:17,0,1,0,1,O
0,0,0,2025-02-22 00:25:17,0,0,0,0,O
0,1,0,2025-02-22 00:25:17,1,0,1,0,O
0,1,1,2025-02-22 00:25:17,0,1,0,1,O
0,0,0,2025-02-22 00:25:17,0,0,0,0,O
0,1,0,2025-02-22 00:25:17,1,0,1,0,O
1,1,1,2025-02-22 00:38:50,1,1,1,1,O
0,1,0,2025-02-22 00:38:50,1,0,1,0,O
1,0,1,2025-02-22 00:38:50,0,1,0,1,O
1,0,0,2025-02-22 00:38:50,1,0,1,0,O
1,0,0,2025-02-22 00:38:50,1,0,1,0,O
1,0,1,2025-02-22 00:38:50,0,1,0,1,O
1,1,1,2025-02-22 00:38:50,1,1,1,1,O
1,0,1,2025-02-22 00:38:50,0,1,0,1,O
1,0,0,2025-02-22 00:49:54,1,0,1,0,O
0,1,1,2025-02-22 00:49:54,0,1,0,1,O
0,1,1,2025-02-22 00:49:54,0,1,0,1,O
0,0,0,2025-02-22 00:49:54,0,0,0,0,O
0,0,0,2025-02-22 00:49:54,0,0,0,0,O
1,1,1,2025-02-22 00:49:54,1,1,1,1,O
0,1,0,2025-02-22 00:49:54,1,0,1,0,O
1,0,1,2025-02-22 00:49:54,0,1,0,1,O
0,0,0,2025-02-22 01:09:17,0,0,0,0,O
0,1,0,2025-02-22 01:09:17,1,0,1,0,O
1,1,0,2025-02-22 01:09:17,0,1,0,1,O
1,1,0,2025-02-22 01:09:17,0,1,0,1,O
1,0,0,2025-02-22 01:09:17,1,0,1,0,O
0,0,1,2025-02-22 01:09:17,1,0,1,0,O
0,0,1,2025-02-22 01:09:17,1,0,1,0,O
0,1,1,2025-02-22 01:09:17,0,1,0,1,O
0,0,1,2025-02-22 01:34:23,1,0,1,0,O
0,1,1,2025-02-22 01:34:23,0,1,0,1,O
0,0,0,2025-02-22 01:34:23,0,0,0,0,O
1,1,0,2025-02-22 01:34:23,0,1,0,1,O
1,1,0,2025-02-22 01:34:23,0,1,0,1,O
0,0,1,2025-02-22 01:34:23,1,0,1,0,O
0,0,1,2025-02-22 01:34:23,1,0,1,0,O
0,0,1,2025-02-22 01:34:23,1,0,1,0,O
0,0,0,2025-02-22 01:47:11,0,0,0,0,O
1,1,0,2025-02-22 01:47:11,0,1,0,1,O
0,1,0,2025-02-22 01:47:11,1,0,1,0,O
1,1,1,2025-02-22 01:47:11,1,1,1,1,O
0,0,1,2025-02-22 01:47:11,1,0,1,0,O
1,0,0,2025-02-22 01:47:11,1,0,1,0,O
0,0,1,2025-02-22 01:47:11,1,0,1,0,O
1,0,1,2025-02-22 01:47:11,0,1,0,1,O
0,0,1,2025-02-22 01:57:34,1,0,1,0,O
1,0,0,2025-02-22 01:57:34,1,0,1,0,O
0,1,0,2025-02-22 01:57:34,1,0,1,0,O
0,0,1,2025-02-22 01:57:34,1,0,1,0,O
0,1,0,2025-02-22 01:57:34,1,0,1,0,O
1,0,1,2025-02-22 01:57:34,0,1,0,1,O
1,1,0,2025-02-22 01:57:34,0,1,0,1,O
1,1,1,2025-02-22 01:57:34,1,1,1,1,O
0,1,1,2025-02-22 02:19:31,0,1,0,1,O
1,1,1,2025-02-22 02:19:31,1,1,1,1,O
1,1,0,2025-02-22 02:19:31,0,1,0,1,O
0,0,0,2025-02-22 02:19:31,0,0,0,0,O
0,0,1,2025-02-22 02:19:31,1,0,1,0,O
0,0,0,2025-02-22 02:19:31,0,0,0,0,O
0,0,1,2025-02-22 02:19:31,1,0,1,0,O
1,0,0,2025-02-22 02:19:31,1,0,1,0,O
0,1,1,2025-02-22 02:30:49,0,1,0,1,O
1,1,1,2025-02-22 02:30:49,1,1,1,1,O
0,1,0,2025-02-22 02:30:49,1,0,1,0,O
1,1,0,2025-02-22 02:30:49,0,1,0,1,O
1,0,0,2025-02-22 02:30:49,1,0,1,0,O
0,0,0,2025-02-22 02:30:49,0,0,0,0,O
1,1,0,2025-02-22 02:30:49,0,1,0,1,O
0,1,0,2025-02-22 02:30:49,1,0,1,0,O
0,0,1,2025-02-22 02:42:29,1,0,1,0,O
0,0,1,2025-02-22 02:42:29,1,0,1,0,O
0,1,1,2025-02-22 02:42:29,0,1,0,1,O
1,1,0,2025-02-22 02:42:29,0,1,0,1,O
1,0,0,2025-02-22 02:42:29,1,0,1,0,O
1,0,1,2025-02-22 02:42:29,0,1,0,1,O
1,1,1,2025-02-22 02:42:29,1,1,1,1,O
0,1,0,2025-02-22 02:42:29,1,0,1,0,O
1,1,1,2025-02-22 02:52:56,1,1,1,1,O
1,0,0,2025-02-22 02:52:56,1,0,1,0,O
1,0,1,2025-02-22 02:52:56,0,1,0,1,O
1,0,0,2025-02-22 02:52:56,1,0,1,0,O
0,0,1,2025-02-22 02:52:56,1,0,1,0,O
1,1,0,2025-02-22 02:52:56,0,1,0,1,O
0,0,0,2025-02-22 02:52:56,0,0,0,0,O
1,0,0,2025-02-22 02:52:56,1,0,1,0,O
1,0,0,2025-02-22 03:18:21,1,0,1,0,O
0,0,0,2025-02-22 03:18:21,0,0,0,0,O
0,0,0,2025-02-22 03:18:21,0,0,0,0,O
0,0,1,2025-02-22 03:18:21,1,0,1,0,O
0,1,1,2025-02-22 03:18:21,0,1,0,1,O
1,0,1,2025-02-22 03:18:21,0,1,0,1,O
0,1,0,2025-02-22 03:18:21,1,0,1,0,O
1,1,1,2025-02-22 03:18:21,1,1,1,1,O
1,1,0,2025-02-22 03:40:34,0,1,0,1,O
0,1,1,2025-02-22 03:40:34,0,1,0,1,O
0,0,0,2025-02-22 03:40:34,0,0,0,0,O
1,0,1,2025-02-22 03:40:34,0,1,0,1,O
1,0,1,2025-02-22 03:40:34,0,1,0,1,O
0,1,1,2025-02-22 03:40:34,0,1,0,1,O
0,0,0,2025-02-22 03:40:34,0,0,0,0,O
0,0,0,2025-02-22 03:40:34,0,0,0,0,O
1,1,1,2025-02-22 03:51:19,1,1,1,1,O
1,0,1,2025-02-22 03:51:19,0,1,0,1,O
1,1,1,2025-02-22 03:51:19,1,1,1,1,O
1,0,0,2025-02-22 03:51:19,1,0,1,0,O
0,0,1,2025-02-22 03:51:19,1,0,1,0,O
1,1,0,2025-02-22 03:51:19,0,1,0,1,O
1,1,1,2025-02-22 03:51:19,1,1,1,1,O
1,0,1,2025-02-22 03:51:19,0,1,0,1,O
0,1,0,2025-02-22 04:08:22,1,0,1,0,O
1,0,1,2025-02-22 04:08:22,0,1,0,1,O
0,1,0,2025-02-22 04:08:22,1,0,1,0,O
1,0,1,2025-02-22 04:08:22,0,1,0,1,O
1,1,0,2025-02-22 04:08:22,0,1,0,1,O
0,0,1,2025-02-22 04:08:22,1,0,1,0,O
0,1,1,2025-02-22 04:08:22,0,1,0,1,O
1,1,0,2025-02-22 04:08:22,0,1,0,1,O
0,0,0,2025-02-22 04:22:20,0,0,0,0,O
1,0,0,2025-02-22 04:22:20,1,0,1,0,O
1,0,1,2025-02-22 04:22:20,0,1,0,1,O
1,1,0,2025-02-22 04:22:20,0,1,0,1,O
1,0,1,2025-02-22 04:22:20,0,1,0,1,O
0,0,1,2025-02-22 04:22:20,1,0,1,0,O
0,1,1,2025-02-22 04:22:20,0,1,0,1,O
1,0,0,2025-02-22 04:22:20,1,0,1,0,O
1,1,0,2025-02-22 04:34:53,0,1,0,1,O
1,1,1,2025-02-22 04:34:53,1,1,1,1,O
0,0,0,2025-02-22 04:34:53,0,0,0,0,O
0,0,1,2025-02-22 04:34:53,1,0,1,0,O
0,0,1,2025-02-22 04:34:53,1,0,1,0,O
1,1,1,2025-02-22 04:34:53,1,1,1,1,O
1,0,0,2025-02-22 04:34:53,1,0,1,0,O
0,0,0,2025-02-22 04:34:53,0,0,0,0,O
1,0,1,2025-02-22 04:45:48,0,1,0,1,O
0,0,1,2025-02-22 04:45:48,1,0,1,0,O
0,0,1,2025-02-22 04:45:48,1,0,1,0,O
0,0,0,2025-02-22 04:45:48,0,0,0,0,O
1,1,1,2025-02-22 04:45:48,1,1,1,1,O
1,1,0,2025-02-22 04:45:48,0,1,0,1,O
1,1,1,2025-02-22 04:45:48,1,1,1,1,O
1,1,1,2025-02-22 04:45:48,1,1,1,1,O
0,1,0,2025-02-22 04:56:47,1,0,1,0,O
0,1,1,2025-02-22 04:56:47,0,1,0,1,O
1,0,1,2025-02-22 04:56:47,0,1,0,1,O
0,1,1,2025-02-22 04:56:47,0,1,0,1,O
1,1,1,2025-02-22 04:56:47,1,1,1,1,O
1,1,1,2025-02-22 04:56:47,1,1,1,1,O
1,1,1,2025-02-22 04:56:47,1,1,1,1,O
1,0,1,2025-02-22 04:56:47,0,1,0,1,O
0,1,1,2025-02-22 05:23:02,0,1,0,1,O
1,1,0,2025-02-22 05:23:02,0,1,0,1,O
0,1,0,2025-02-22 05:23:02,1,0,1,0,O
1,1,0,2025-02-22 05:23:02,0,1,0,1,O
1,1,0,2025-02-22 05:23:02,0,1,0,1,O
0,1,1,2025-02-22 05:23:02,0,1,0,1,O
1,0,0,2025-02-22 05:23:02,1,0,1,0,O
0,1,0,2025-02-22 05:23:02,1,0,1,0,O
0,1,1,2025-02-22 05:36:26,0,1,0,1,O
1,0,0,2025-02-22 05:36:26,1,0,1,0,O
1,0,0,2025-02-22 05:36:26,1,0,1,0,O
0,0,1,2025-02-22 05:36:26,1,0,1,0,O
0,1,1,2025-02-22 05:36:26,0,1,0,1,O
1,1,1,2025-02-22 05:36:26,1,1,1,1,O
1,0,1,2025-02-22 05:36:26,0,1,0,1,O
1,1,0,2025-02-22 05:36:26,0,1,0,1,O
1,1,1,2025-02-22 05:47:43,1,1,1,1,O
1,1,0,2025-02-22 05:47:43,0,1,0,1,O
0,0,1,2025-02-22 05:47:43,1,0,1,0,O
1,0,0,2025-02-22 05:47:43,1,0,1,0,O
0,0,0,2025-02-22 05:47:43,0,0,0,0,O
0,0,1,2025-02-22 05:47:43,1,0,1,0,O
0,1,1,2025-02-22 05:47:43,0,1,0,1,O
0,0,1,2025-02-22 05:47:43,1,0,1,0,O
1,0,0,2025-02-22 05:58:37,1,0,1,0,O
0,0,1,2025-02-22 05:58:37,1,0,1,0,O
1,0,1,2025-02-22 05:58:37,0,1,0,1,O
1,1,1,2025-02-22 05:58:37,1,1,1,1,O
0,1,1,2025-02-22 05:58:37,0,1,0,1,O
0,1,1,2025-02-22 05:58:37,0,1,0,1,O
0,0,1,2025-02-22 05:58:37,1,0,1,0,O
1,0,0,2025-02-22 05:58:37,1,0,1,0,O
0,1,0,2025-02-22 06:19:26,1,0,1,0,O
1,0,1,2025-02-22 06:19:26,0,1,0,1,O
1,1,1,2025-02-22 06:19:26,1,1,1,1,O
1,1,0,2025-02-22 06:19:26,0,1,0,1,O
1,1,1,2025-02-22 06:19:26,1,1,1,1,O
0,0,1,2025-02-22 06:19:26,1,0,1,0,O
1,0,1,2025-02-22 06:19:26,0,1,0,1,O
1,0,0,2025-02-22 06:19:26,1,0,1,0,O
1,1,1,2025-02-22 06:30:35,1,1,1,1,O
0,1,1,2025-02-22 06:30:35,0,1,0,1,O
1,0,1,2025-02-22 06:30:35,0,1,0,1,O
0,0,0,2025-02-22 06:30:35,0,0,0,0,O
0,0,0,2025-02-22 06:30:35,0,0,0,0,O
0,1,1,2025-02-22 06:30:35,0,1,0,1,O
1,0,0,2025-02-22 06:30:35,1,0,1,0,O
0,0,0,2025-02-22 06:30:35,0,0,0,0,O
1,0,0,2025-02-22 06:42:50,1,0,1,0,O
0,0,1,2025-02-22 06:42:50,1,0,1,0,O
1,1,0,2025-02-22 06:42:50,0,1,0,1,O
0,0,0,2025-02-22 06:42:50,0,0,0,0,O
0,1,0,2025-02-22 06:42:50,1,0,1,0,O
0,0,0,2025-02-22 06:42:50,0,0,0,0,O
0,1,1,2025-02-22 06:42:50,0,1,0,1,O
1,1,0,2025-02-22 06:42:50,0,1,0,1,O
1,0,0,2025-02-22 06:52:58,1,0,1,0,O
1,0,0,2025-02-22 06:52:58,1,0,1,0,O
0,1,1,2025-02-22 06:52:58,0,1,0,1,O
0,1,1,2025-02-22 06:52:58,0,1,0,1,O
0,1,1,2025-02-22 06:52:58,0,1,0,1,O
0,1,1,2025-02-22 06:52:58,0,1,0,1,O
0,0,1,2025-02-22 06:52:58,1,0,1,0,O
0,1,0,2025-02-22 06:52:58,1,0,1,0,O
0,1,0,2025-02-22 07:13:01,1,0,1,0,O
1,1,1,2025-02-22 07:13:01,1,1,1,1,O
0,0,0,2025-02-22 07:13:01,0,0,0,0,O
0,1,0,2025-02-22 07:13:01,1,0,1,0,O
0,1,0,2025-02-22 07:13:01,1,0,1,0,O
0,0,0,2025-02-22 07:13:01,0,0,0,0,O
0,0,0,2025-02-22 07:13:01,0,0,0,0,O
0,1,0,2025-02-22 07:13:01,1,0,1,0,O
0,0,0,2025-02-22 07:32:13,0,0,0,0,O
0,1,0,2025-02-22 07:32:13,1,0,1,0,O
0,0,0,2025-02-22 07:32:13,0,0,0,0,O
0,0,0,2025-02-22 07:32:13,0,0,0,0,O
1,0,1,2025-02-22 07:32:13,0,1,0,1,O
1,1,1,2025-02-22 07:32:13,1,1,1,1,O
0,0,1,2025-02-22 07:32:13,1,0,1,0,O
0,1,1,2025-02-22 07:32:13,0,1,0,1,O
1,0,0,2025-02-22 07:43:25,1,0,1,0,O
0,0,0,2025-02-22 07:43:25,0,0,0,0,O
1,1,0,2025-02-22 07:43:25,0,1,0,1,O
1,1,0,2025-02-22 07:43:25,0,1,0,1,O
0,1,0,2025-02-22 07:43:25,1,0,1,0,O
0,1,0,2025-02-22 07:43:25,1,0,1,0,O
1,0,1,2025-02-22 07:43:25,0,1,0,1,O
0,0,0,2025-02-22 07:43:25,0,0,0,0,O
0,1,0,2025-02-22 07:54:33,1,0,1,0,O
1,0,1,2025-02-22 07:54:33,0,1,0,1,O
0,1,1,2025-02-22 07:54:33,0,1,0,1,O
1,1,0,2025-02-22 07:54:33,0,1,0,1,O
0,0,0,2025-02-22 07:54:33,0,0,0,0,O
1,1,1,2025-02-22 07:54:33,1,1,1,1,O
1,0,0,2025-02-22 07:54:33,1,0,1,0,O
1,1,1,2025-02-22 07:54:33,1,1,1,1,O
0,1,0,2025-02-22 08:17:25,1,0,1,0,O
1,1,1,2025-02-22 08:17:25,1,1,1,1,O
0,1,0,2025-02-22 08:17:25,1,0,1,0,O
0,1,1,2025-02-22 08:17:25,0,1,0,1,O
1,0,1,2025-02-22 08:17:25,0,1,0,1,O
0,1,1,2025-02-22 08:17:25,0,1,0,1,O
0,1,0,2025-02-22 08:17:25,1,0,1,0,O
0,0,1,2025-02-22 08:17:25,1,0,1,0,O
1,0,1,2025-02-22 08:30:09,0,1,0,1,O
0,1,0,2025-02-22 08:30:09,1,0,1,0,O
1,1,0,2025-02-22 08:30:09,0,1,0,1,O
1,0,0,2025-02-22 08:30:09,1,0,1,0,O
1,1,1,2025-02-22 08:30:09,1,1,1,1,O
1,0,1,2025-02-22 08:30:09,0,1,0,1,O
0,0,1,2025-02-22 08:30:09,1,0,1,0,O
0,1,1,2025-02-22 08:30:09,0,1,0,1,O
1,0,0,2025-02-22 08:41:31,1,0,1,0,O
1,1,0,2025-02-22 08:41:31,0,1,0,1,O
0,0,1,2025-02-22 08:41:31,1,0,1,0,O
1,0,1,2025-02-22 08:41:31,0,1,0,1,O
0,1,0,2025-02-22 08:41:31,1,0,1,0,O
1,0,0,2025-02-22 08:41:31,1,0,1,0,O
1,0,1,2025-02-22 08:41:31,0,1,0,1,O
0,0,1,2025-02-22 08:41:31,1,0,1,0,O
0,1,0,2025-02-22 08:52:46,1,0,1,0,O
1,1,0,2025-02-22 08:52:46,0,1,0,1,O
1,0,1,2025-02-22 08:52:46,0,1,0,1,O
1,0,0,2025-02-22 08:52:46,1,0,1,0,O
1,1,0,2025-02-22 08:52:46,0,1,0,1,O
1,1,0,2025-02-22 08:52:46,0,1,0,1,O
0,1,0,2025-02-22 08:52:46,1,0,1,0,O
0,0,0,2025-02-22 08:52:46,0,0,0,0,O
1,1,0,2025-02-22 10:01:18,0,1,0,1,O
1,0,0,2025-02-22 10:01:18,1,0,1,0,O
0,1,0,2025-02-22 10:01:18,1,0,1,0,O
0,1,0,2025-02-22 10:01:18,1,0,1,0,O
0,0,0,2025-02-22 10:01:18,0,0,0,0,O
0,0,1,2025-02-22 10:01:18,1,0,1,0,O
0,1,1,2025-02-22 10:01:18,0,1,0,1,O
0,1,0,2025-02-22 10:01:18,1,0,1,0,O
1,0,0,2025-02-22 11:17:13,1,0,1,0,O
1,0,0,2025-02-22 11:17:13,1,0,1,0,O
0,1,0,2025-02-22 11:17:13,1,0,1,0,O
0,1,1,2025-02-22 11:17:13,0,1,0,1,O
0,1,1,2025-02-22 11:17:13,0,1,0,1,O
0,1,1,2025-02-22 11:17:13,0,1,0,1,O
1,1,1,2025-02-22 11:17:13,1,1,1,1,O
1,1,1,2025-02-22 11:17:13,1,1,1,1,O
0,1,1,2025-02-22 11:56:14,0,1,0,1,O
1,0,0,2025-02-22 11:56:14,1,0,1,0,O
1,0,0,2025-02-22 11:56:14,1,0,1,0,O
1,0,1,2025-02-22 11:56:14,0,1,0,1,O
0,1,0,2025-02-22 11:56:14,1,0,1,0,O
0,0,1,2025-02-22 11:56:14,1,0,1,0,O
0,1,0,2025-02-22 11:56:14,1,0,1,0,O
1,1,1,2025-02-22 11:56:14,1,1,1,1,O
1,1,1,2025-02-22 12:23:29,1,1,1,1,O
0,0,1,2025-02-22 12:23:29,1,0,1,0,O
0,0,0,2025-02-22 12:23:29,0,0,0,0,O
0,0,1,2025-02-22 12:23:29,1,0,1,0,O
1,0,0,2025-02-22 12:23:29,1,0,1,0,O
1,1,1,2025-02-22 12:23:29,1,1,1,1,O
1,1,0,2025-02-22 12:23:29,0,1,0,1,O
0,1,0,2025-02-22 12:23:29,1,0,1,0,O
1,0,1,2025-02-22 12:37:40,0,1,0,1,O
0,1,0,2025-02-22 12:37:40,1,0,1,0,O
0,1,1,2025-02-22 12:37:40,0,1,0,1,O
0,0,1,2025-02-22 12:37:40,1,0,1,0,O
1,1,0,2025-02-22 12:37:40,0,1,0,1,O
0,1,0,2025-02-22 12:37:40,1,0,1,0,O
1,0,1,2025-02-22 12:37:40,0,1,0,1,O
1,1,1,2025-02-22 12:37:40,1,1,1,1,O
0,0,0,2025-02-22 12:49:00,0,0,0,0,O
1,0,1,2025-02-22 12:49:00,0,1,0,1,O
1,1,1,2025-02-22 12:49:00,1,1,1,1,O
0,1,1,2025-02-22 12:49:00,0,1,0,1,O
0,1,0,2025-02-22 12:49:00,1,0,1,0,O
1,0,1,2025-02-22 12:49:00,0,1,0,1,O
1,0,1,2025-02-22 12:49:00,0,1,0,1,O
1,1,1,2025-02-22 12:49:00,1,1,1,1,O
1,1,1,2025-02-22 12:59:55,1,1,1,1,O
1,0,1,2025-02-22 12:59:55,0,1,0,1,O
0,1,0,2025-02-22 12:59:55,1,0,1,0,O
1,0,0,2025-02-22 12:59:55,1,0,1,0,O
0,1,1,2025-02-22 12:59:55,0,1,0,1,O
1,1,0,2025-02-22 12:59:55,0,1,0,1,O
1,0,1,2025-02-22 12:59:55,0,1,0,1,O
1,1,1,2025-02-22 12:59:55,1,1,1,1,O
0,0,0,2025-02-22 13:29:13,0,0,0,0,O
1,1,0,2025-02-22 13:29:13,0,1,0,1,O
0,0,1,2025-02-22 13:29:13,1,0,1,0,O
1,1,0,2025-02-22 13:29:13,0,1,0,1,O
0,1,1,2025-02-22 13:29:13,0,1,0,1,O
1,1,1,2025-02-22 13:29:13,1,1,1,1,O
1,0,0,2025-02-22 13:29:13,1,0,1,0,O
1,1,0,2025-02-22 13:29:13,0,1,0,1,O
1,1,1,2025-02-22 13:44:38,1,1,1,1,O
0,1,0,2025-02-22 13:44:38,1,0,1,0,O
0,1,1,2025-02-22 13:44:38,0,1,0,1,O
1,0,1,2025-02-22 13:44:38,0,1,0,1,O
0,1,0,2025-02-22 13:44:38,1,0,1,0,O
1,0,0,2025-02-22 13:44:38,1,0,1,0,O
0,1,1,2025-02-22 13:44:38,0,1,0,1,O
0,1,0,2025-02-22 13:44:38,1,0,1,0,O
1,1,0,2025-02-22 13:55:35,0,1,0,1,O
0,0,1,2025-02-22 13:55:35,1,0,1,0,O
0,1,0,2025-02-22 13:55:35,1,0,1,0,O
0,1,1,2025-02-22 13:55:35,0,1,0,1,O
0,0,0,2025-02-22 13:55:35,0,0,0,0,O
0,0,0,2025-02-22 13:55:35,0,0,0,0,O
1,0,1,2025-02-22 13:55:35,0,1,0,1,O
0,0,1,2025-02-22 13:55:35,1,0,1,0,O
0,0,0,2025-02-22 14:17:31,0,0,0,0,O
1,0,0,2025-02-22 14:17:31,1,0,1,0,O
1,0,0,2025-02-22 14:17:31,1,0,1,0,O
1,0,0,2025-02-22 14:17:31,1,0,1,0,O
1,1,0,2025-02-22 14:17:31,0,1,0,1,O
0,0,1,2025-02-22 14:17:31,1,0,1,0,O
0,0,1,2025-02-22 14:17:31,1,0,1,0,O
1,0,0,2025-02-22 14:17:31,1,0,1,0,O
1,0,1,2025-02-22 14:32:35,0,1,0,1,O
0,1,1,2025-02-22 14:32:35,0,1,0,1,O
0,0,0,2025-02-22 14:32:35,0,0,0,0,O
0,0,1,2025-02-22 14:32:35,1,0,1,0,O
1,0,0,2025-02-22 14:32:35,1,0,1,0,O
0,0,1,2025-02-22 14:32:35,1,0,1,0,O
1,0,0,2025-02-22 14:32:35,1,0,1,0,O
1,1,0,2025-02-22 14:32:35,0,1,0,1,O
1,1,0,2025-02-22 14:43:42,0,1,0,1,O
1,1,1,2025-02-22 14:43:42,1,1,1,1,O
0,1,1,2025-02-22 14:43:42,0,1,0,1,O
1,1,0,2025-02-22 14:43:42,0,1,0,1,O
0,1,1,2025-02-22 14:43:42,0,1,0,1,O
1,1,0,2025-02-22 14:43:42,0,1,0,1,O
0,1,1,2025-02-22 14:43:42,0,1,0,1,O
1,0,0,2025-02-22 14:43:42,1,0,1,0,O
0,0,0,2025-02-22 14:55:45,0,0,0,0,O
1,0,0,2025-02-22 14:55:45,1,0,1,0,O
1,0,1,2025-02-22 14:55:45,0,1,0,1,O
1,0,0,2025-02-22 14:55:45,1,0,1,0,O
1,0,0,2025-02-22 14:55:45,1,0,1,0,O
1,0,0,2025-02-22 14:55:45,1,0,1,0,O
1,0,1,2025-02-22 14:55:45,0,1,0,1,O
1,1,0,2025-02-22 14:55:45,0,1,0,1,O
1,1,0,2025-02-22 15:25:15,0,1,0,1,O
0,1,1,2025-02-22 15:25:15,0,1,0,1,O
0,1,0,2025-02-22 15:25:15,1,0,1,0,O
0,1,1,2025-02-22 15:25:15,0,1,0,1,O
1,1,0,2025-02-22 15:25:15,0,1,0,1,O
1,1,0,2025-02-22 15:25:15,0,1,0,1,O
1,0,1,2025-02-22 15:25:15,0,1,0,1,O
1,0,1,2025-02-22 15:25:15,0,1,0,1,O
0,0,0,2025-02-22 15:44:32,0,0,0,0,O
1,1,0,2025-02-22 15:44:32,0,1,0,1,O
0,0,1,2025-02-22 15:44:32,1,0,1,0,O
1,0,1,2025-02-22 15:44:32,0,1,0,1,O
0,0,1,2025-02-22 15:44:32,1,0,1,0,O
1,1,1,2025-02-22 15:44:32,1,1,1,1,O
1,1,0,2025-02-22 15:44:32,0,1,0,1,O
1,0,1,2025-02-22 15:44:32,0,1,0,1,O
0,1,0,2025-02-22 15:55:32,1,0,1,0,O
0,1,1,2025-02-22 15:55:32,0,1,0,1,O
1,0,0,2025-02-22 15:55:32,1,0,1,0,O
1,0,0,2025-02-22 15:55:32,1,0,1,0,O
1,0,0,2025-02-22 15:55:32,1,0,1,0,O
1,1,0,2025-02-22 15:55:32,0,1,0,1,O
1,0,1,2025-02-22 15:55:32,0,1,0,1,O
1,0,1,2025-02-22 15:55:32,0,1,0,1,O
1,1,1,2025-02-22 16:15:54,1,1,1,1,O
0,0,1,2025-02-22 16:15:54,1,0,1,0,O
0,0,0,2025-02-22 16:15:54,0,0,0,0,O
0,0,0,2025-02-22 16:15:54,0,0,0,0,O
1,1,1,2025-02-22 16:15:54,1,1,1,1,O
0,0,0,2025-02-22 16:15:54,0,0,0,0,O
1,0,0,2025-02-22 16:15:54,1,0,1,0,O
1,0,1,2025-02-22 16:15:54,0,1,0,1,O
0,0,1,2025-02-22 16:26:48,1,0,1,0,O
1,0,1,2025-02-22 16:26:48,0,1,0,1,O
0,0,0,2025-02-22 16:26:48,0,0,0,0,O
0,1,1,2025-02-22 16:26:48,0,1,0,1,O
1,1,0,2025-02-22 16:26:48,0,1,0,1,O
0,1,1,2025-02-22 16:26:48,0,1,0,1,O
1,1,1,2025-02-22 16:26:48,1,1,1,1,O
1,1,0,2025-02-22 16:26:48,0,1,0,1,O
0,0,1,2025-02-22 16:38:18,1,0,1,0,O
0,1,1,2025-02-22 16:38:18,0,1,0,1,O
1,0,0,2025-02-22 16:38:18,1,0,1,0,O
1,0,1,2025-02-22 16:38:18,0,1,0,1,O
1,1,0,2025-02-22 16:38:18,0,1,0,1,O
0,1,0,2025-02-22 16:38:18,1,0,1,0,O
0,0,0,2025-02-22 16:38:18,0,0,0,0,O
1,1,0,2025-02-22 16:38:18,0,1,0,1,O
1,1,0,2025-02-22 16:49:13,0,1,0,1,O
0,1,0,2025-02-22 16:49:13,1,0,1,0,O
0,0,0,2025-02-22 16:49:13,0,0,0,0,O
1,1,1,2025-02-22 16:49:13,1,1,1,1,O
1,1,1,2025-02-22 16:49:13,1,1,1,1,O
0,1,0,2025-02-22 16:49:13,1,0,1,0,O
1,1,0,2025-02-22 16:49:13,0,1,0,1,O
1,0,1,2025-02-22 16:49:13,0,1,0,1,O
1,1,0,2025-02-22 17:00:06,0,1,0,1,O
1,1,1,2025-02-22 17:00:06,1,1,1,1,O
1,1,1,2025-02-22 17:00:06,1,1,1,1,O
0,1,0,2025-02-22 17:00:06,1,0,1,0,O
1,1,1,2025-02-22 17:00:06,1,1,1,1,O
0,1,0,2025-02-22 17:00:06,1,0,1,0,O
0,1,0,2025-02-22 17:00:06,1,0,1,0,O
1,1,0,2025-02-22 17:00:06,0,1,0,1,O
0,0,0,2025-02-22 17:27:16,0,0,0,0,O
1,0,0,2025-02-22 17:27:16,1,0,1,0,O
0,0,1,2025-02-22 17:27:16,1,0,1,0,O
0,0,0,2025-02-22 17:27:16,0,0,0,0,O
0,0,0,2025-02-22 17:27:16,0,0,0,0,O
0,1,1,2025-02-22 17:27:16,0,1,0,1,O
0,0,1,2025-02-22 17:27:16,1,0,1,0,O
1,1,1,2025-02-22 17:27:16,1,1,1,1,O
1,1,0,2025-02-22 17:42:04,0,1,0,1,O
0,0,0,2025-02-22 17:42:04,0,0,0,0,O
1,0,0,2025-02-22 17:42:04,1,0,1,0,O
0,0,0,2025-02-22 17:42:04,0,0,0,0,O
1,0,0,2025-02-22 17:42:04,1,0,1,0,O
1,1,1,2025-02-22 17:42:04,1,1,1,1,O
0,0,0,2025-02-22 17:42:04,0,0,0,0,O
1,1,1,2025-02-22 17:42:04,1,1,1,1,O
1,1,0,2025-02-22 17:53:13,0,1,0,1,O
1,0,1,2025-02-22 17:53:13,0,1,0,1,O
1,0,1,2025-02-22 17:53:13,0,1,0,1,O
1,1,1,2025-02-22 17:53:13,1,1,1,1,O
0,0,0,2025-02-22 17:53:13,0,0,0,0,O
0,1,0,2025-02-22 17:53:13,1,0,1,0,O
1,1,0,2025-02-22 17:53:13,0,1,0,1,O
0,1,1,2025-02-22 17:53:13,0,1,0,1,O
1,1,1,2025-02-22 18:14:11,1,1,1,1,O
0,0,1,2025-02-22 18:14:11,1,0,1,0,O
0,0,1,2025-02-22 18:14:11,1,0,1,0,O
0,0,0,2025-02-22 18:14:11,0,0,0,0,O
1,1,0,2025-02-22 18:14:11,0,1,0,1,O
1,0,0,2025-02-22 18:14:11,1,0,1,0,O
1,0,1,2025-02-22 18:14:11,0,1,0,1,O
0,1,0,2025-02-22 18:14:11,1,0,1,0,O
0,0,1,2025-02-22 18:29:24,1,0,1,0,O
0,0,1,2025-02-22 18:29:24,1,0,1,0,O
0,0,1,2025-02-22 18:29:24,1,0,1,0,O
1,1,1,2025-02-22 18:29:24,1,1,1,1,O
0,0,0,2025-02-22 18:29:24,0,0,0,0,O
1,0,1,2025-02-22 18:29:24,0,1,0,1,O
1,0,1,2025-02-22 18:29:24,0,1,0,1,O
0,0,0,2025-02-22 18:29:24,0,0,0,0,O
1,1,1,2025-02-22 18:40:40,1,1,1,1,O
1,0,0,2025-02-22 18:40:40,1,0,1,0,O
1,1,1,2025-02-22 18:40:40,1,1,1,1,O
0,1,1,2025-02-22 18:40:40,0,1,0,1,O
1,1,1,2025-02-22 18:40:40,1,1,1,1,O
0,0,0,2025-02-22 18:40:40,0,0,0,0,O
1,0,0,2025-02-22 18:40:40,1,0,1,0,O
1,1,1,2025-02-22 18:40:40,1,1,1,1,O
0,1,0,2025-02-22 18:51:56,1,0,1,0,O
1,1,1,2025-02-22 18:51:56,1,1,1,1,O
1,0,0,2025-02-22 18:51:56,1,0,1,0,O
1,1,1,2025-02-22 18:51:56,1,1,1,1,O
0,0,0,2025-02-22 18:51:56,0,0,0,0,O
0,1,0,2025-02-22 18:51:56,1,0,1,0,O
1,0,1,2025-02-22 18:51:56,0,1,0,1,O
1,0,0,2025-02-22 18:51:56,1,0,1,0,O
1,1,0,2025-02-22 19:10:52,0,1,0,1,O
0,1,0,2025-02-22 19:10:52,1,0,1,0,O
1,0,0,2025-02-22 19:10:52,1,0,1,0,O
0,0,1,2025-02-22 19:10:52,1,0,1,0,O
0,0,1,2025-02-22 19:10:52,1,0,1,0,O
0,0,1,2025-02-22 19:10:52,1,0,1,0,O
1,1,0,2025-02-22 19:10:52,0,1,0,1,O
1,0,0,2025-02-22 19:10:52,1,0,1,0,O
0,1,0,2025-02-22 19:33:51,1,0,1,0,O
0,0,1,2025-02-22 19:33:51,1,0,1,0,O
1,0,1,2025-02-22 19:33:51,0,1,0,1,O
1,1,1,2025-02-22 19:33:51,1,1,1,1,O
0,1,0,2025-02-22 19:33:51,1,0,1,0,O
0,0,0,2025-02-22 19:33:51,0,0,0,0,O
0,0,1,2025-02-22 19:33:51,1,0,1,0,O
1,0,1,2025-02-22 19:33:51,0,1,0,1,O
1,1,1,2025-02-22 19:46:07,1,1,1,1,O
0,1,1,2025-02-22 19:46:07,0,1,0,1,O
0,1,1,2025-02-22 19:46:07,0,1,0,1,O
1,1,1,2025-02-22 19:46:07,1,1,1,1,O
0,0,0,2025-02-22 19:46:07,0,0,0,0,O
1,0,1,2025-02-22 19:46:07,0,1,0,1,O
0,0,0,2025-02-22 19:46:07,0,0,0,0,O
0,1,0,2025-02-22 19:46:07,1,0,1,0,O
0,0,1,2025-02-22 19:56:14,1,0,1,0,O
1,1,1,2025-02-22 19:56:14,1,1,1,1,O
0,1,0,2025-02-22 19:56:14,1,0,1,0,O
0,0,0,2025-02-22 19:56:14,0,0,0,0,O
1,1,1,2025-02-22 19:56:14,1,1,1,1,O
0,0,1,2025-02-22 19:56:14,1,0,1,0,O
0,0,1,2025-02-22 19:56:14,1,0,1,0,O
1,0,1,2025-02-22 19:56:14,0,1,0,1,O
1,0,1,2025-02-22 20:15:34,0,1,0,1,O
1,0,1,2025-02-22 20:15:34,0,1,0,1,O
1,1,0,2025-02-22 20:15:34,0,1,0,1,O
0,1,0,2025-02-22 20:15:34,1,0,1,0,O
1,0,0,2025-02-22 20:15:34,1,0,1,0,O
1,1,1,2025-02-22 20:15:34,1,1,1,1,O
1,0,1,2025-02-22 20:15:34,0,1,0,1,O
1,1,0,2025-02-22 20:15:34,0,1,0,1,O
1,1,1,2025-02-22 20:26:25,1,1,1,1,O
0,0,0,2025-02-22 20:26:25,0,0,0,0,O
0,0,1,2025-02-22 20:26:25,1,0,1,0,O
1,0,1,2025-02-22 20:26:25,0,1,0,1,O
0,0,0,2025-02-22 20:26:25,0,0,0,0,O
0,1,1,2025-02-22 20:26:25,0,1,0,1,O
0,0,1,2025-02-22 20:26:25,1,0,1,0,O
0,0,1,2025-02-22 20:26:25,1,0,1,0,O
0,0,0,2025-02-22 20:37:40,0,0,0,0,O
0,1,1,2025-02-22 20:37:40,0,1,0,1,O
1,1,0,2025-02-22 20:37:40,0,1,0,1,O
0,1,1,2025-02-22 20:37:40,0,1,0,1,O
0,0,0,2025-02-22 20:37:40,0,0,0,0,O
0,0,1,2025-02-22 20:37:40,1,0,1,0,O
0,0,1,2025-02-22 20:37:40,1,0,1,0,O
0,0,1,2025-02-22 20:37:40,1,0,1,0,O
0,1,0,2025-02-22 20:48:55,1,0,1,0,O
0,1,1,2025-02-22 20:48:55,0,1,0,1,O
1,0,1,2025-02-22 20:48:55,0,1,0,1,O
0,0,1,2025-02-22 20:48:55,1,0,1,0,O
0,1,0,2025-02-22 20:48:55,1,0,1,0,O
1,1,0,2025-02-22 20:48:55,0,1,0,1,O
1,0,1,2025-02-22 20:48:55,0,1,0,1,O
0,0,0,2025-02-22 20:48:55,0,0,0,0,O
1,1,1,2025-02-22 20:59:54,1,1,1,1,O
0,1,1,2025-02-22 20:59:54,0,1,0,1,O
0,0,1,2025-02-22 20:59:54,1,0,1,0,O
0,0,0,2025-02-22 20:59:54,0,0,0,0,O
1,1,0,2025-02-22 20:59:54,0,1,0,1,O
1,0,0,2025-02-22 20:59:54,1,0,1,0,O
1,1,1,2025-02-22 20:59:54,1,1,1,1,O
0,1,0,2025-02-22 20:59:54,1,0,1,0,O
0,1,1,2025-02-22 21:42:05,0,1,0,1,O
0,1,1,2025-02-22 21:42:05,0,1,0,1,O
1,0,0,2025-02-22 21:42:05,1,0,1,0,O
1,1,1,2025-02-22 21:42:05,1,1,1,1,O
0,1,0,2025-02-22 21:42:05,1,0,1,0,O
0,1,0,2025-02-22 21:42:05,1,0,1,0,O
0,0,0,2025-02-22 21:42:05,0,0,0,0,O
1,1,1,2025-02-22 21:42:05,1,1,1,1,O
0,0,1,2025-02-22 22:01:46,1,0,1,0,O
0,1,1,2025-02-22 22:01:46,0,1,0,1,O
0,0,1,2025-02-22 22:01:46,1,0,1,0,O
1,0,0,2025-02-22 22:01:46,1,0,1,0,O
1,1,0,2025-02-22 22:01:46,0,1,0,1,O
1,1,0,2025-02-22 22:01:46,0,1,0,1,O
1,0,0,2025-02-22 22:01:46,1,0,1,0,O
0,1,1,2025-02-22 22:01:46,0,1,0,1,O
0,1,1,2025-02-22 22:25:31,0,1,0,1,O
1,0,0,2025-02-22 22:25:31,1,0,1,0,O
0,0,1,2025-02-22 22:25:31,1,0,1,0,O
1,1,1,2025-02-22 22:25:31,1,1,1,1,O
0,0,0,2025-02-22 22:25:31,0,0,0,0,O
0,1,0,2025-02-22 22:25:31,1,0,1,0,O
0,1,0,2025-02-22 22:25:31,1,0,1,0,O
1,1,0,2025-02-22 22:25:31,0,1,0,1,O
1,0,1,2025-02-22 22:37:05,0,1,0,1,O
0,1,0,2025-02-22 22:37:05,1,0,1,0,O
1,1,1,2025-02-22 22:37:05,1,1,1,1,O
1,1,1,2025-02-22 22:37:05,1,1,1,1,O
1,0,0,2025-02-22 22:37:05,1,0,1,0,O
1,1,0,2025-02-22 22:37:05,0,1,0,1,O
0,0,0,2025-02-22 22:37:05,0,0,0,0,O
0,0,1,2025-02-22 22:37:05,1,0,1,0,O
0,1,1,2025-02-22 22:48:16,0,1,0,1,O
0,0,0,2025-02-22 22:48:16,0,0,0,0,O
1,0,0,2025-02-22 22:48:16,1,0,1,0,O
0,0,0,2025-02-22 22:48:16,0,0,0,0,O
1,0,0,2025-02-22 22:48:16,1,0,1,0,O
1,0,0,2025-02-22 22:48:16,1,0,1,0,O
1,0,1,2025-02-22 22:48:16,0,1,0,1,O
0,0,0,2025-02-22 22:48:16,0,0,0,0,O
1,1,1,2025-02-22 22:59:56,1,1,1,1,O
1,0,1,2025-02-22 22:59:56,0,1,0,1,O
1,0,0,2025-02-22 22:59:56,1,0,1,0,O
1,1,0,2025-02-22 22:59:56,0,1,0,1,O
0,1,1,2025-02-22 22:59:56,0,1,0,1,O
0,1,0,2025-02-22 22:59:56,1,0,1,0,O
0,1,0,2025-02-22 22:59:56,1,0,1,0,O
1,0,1,2025-02-22 22:59:56,0,1,0,1,O
0,1,0,2025-02-22 23:21:23,1,0,1,0,O
1,1,1,2025-02-22 23:21:23,1,1,1,1,O
1,1,0,2025-02-22 23:21:23,0,1,0,1,O
0,0,0,2025-02-22 23:21:23,0,0,0,0,O
1,1,0,2025-02-22 23:21:23,0,1,0,1,O
1,0,0,2025-02-22 23:21:23,1,0,1,0,O
1,1,1,2025-02-22 23:21:23,1,1,1,1,O
1,1,1,2025-02-22 23:21:23,1,1,1,1,O
1,1,0,2025-02-22 23:35:37,0,1,0,1,O
1,0,0,2025-02-22 23:35:37,1,0,1,0,O
0,1,1,2025-02-22 23:35:37,0,1,0,1,O
0,1,1,2025-02-22 23:35:37,0,1,0,1,O
1,0,1,2025-02-22 23:35:37,0,1,0,1,O
1,1,0,2025-02-22 23:35:37,0,1,0,1,O
1,1,1,2025-02-22 23:35:37,1,1,1,1,O
0,0,1,2025-02-22 23:35:37,1,0,1,0,O
1,0,0,2025-02-22 23:46:19,1,0,1,0,O
0,0,0,2025-02-22 23:46:19,0,0,0,0,O
0,1,0,2025-02-22 23:46:19,1,0,1,0,O
1,1,0,2025-02-22 23:46:19,0,1,0,1,O
1,0,1,2025-02-22 23:46:19,0,1,0,1,O
0,0,0,2025-02-22 23:46:19,0,0,0,0,O
0,1,1,2025-02-22 23:46:19,0,1,0,1,O
0,0,1,2025-02-22 23:46:19,1,0,1,0,O
1,1,1,2025-02-22 23:56:44,1,1,1,1,O
0,1,0,2025-02-22 23:56:44,1,0,1,0,O
0,1,1,2025-02-22 23:56:44,0,1,0,1,O
0,0,0,2025-02-22 23:56:44,0,0,0,0,O
0,1,0,2025-02-22 23:56:44,1,0,1,0,O
0,0,1,2025-02-22 23:56:44,1,0,1,0,O
0,0,1,2025-02-22 23:56:44,1,0,1,0,O
1,0,0,2025-02-22 23:56:44,1,0,1,0,O
0,1,0,2025-02-23 00:20:03,1,0,1,0,O
1,0,1,2025-02-23 00:20:03,0,1,0,1,O
0,0,1,2025-02-23 00:20:03,1,0,1,0,O
1,1,0,2025-02-23 00:20:03,0,1,0,1,O
0,0,1,2025-02-23 00:20:03,1,0,1,0,O
0,0,1,2025-02-23 00:20:03,1,0,1,0,O
0,1,1,2025-02-23 00:20:03,0,1,0,1,O
0,0,1,2025-02-23 00:20:03,1,0,1,0,O
0,1,1,2025-02-23 00:30:39,0,1,0,1,O
0,1,0,2025-02-23 00:30:39,1,0,1,0,O
0,0,1,2025-02-23 00:30:39,1,0,1,0,O
0,0,1,2025-02-23 00:30:39,1,0,1,0,O
1,0,0,2025-02-23 00:30:39,1,0,1,0,O
0,1,0,2025-02-23 00:30:39,1,0,1,0,O
0,1,1,2025-02-23 00:30:39,0,1,0,1,O
1,1,1,2025-02-23 00:30:39,1,1,1,1,O
1,1,1,2025-02-23 00:41:49,1,1,1,1,O
0,1,1,2025-02-23 00:41:49,0,1,0,1,O
1,1,0,2025-02-23 00:41:49,0,1,0,1,O
0,1,0,2025-02-23 00:41:49,1,0,1,0,O
0,0,1,2025-02-23 00:41:49,1,0,1,0,O
0,1,0,2025-02-23 00:41:49,1,0,1,0,O
1,1,1,2025-02-23 00:41:49,1,1,1,1,O
0,0,0,2025-02-23 00:41:49,0,0,0,0,O
0,1,0,2025-02-23 00:53:22,1,0,1,0,O
1,0,1,2025-02-23 00:53:22,0,1,0,1,O
0,1,1,2025-02-23 00:53:22,0,1,0,1,O
1,1,0,2025-02-23 00:53:22,0,1,0,1,O
1,1,0,2025-02-23 00:53:22,0,1,0,1,O
0,0,0,2025-02-23 00:53:22,0,0,0,0,O
1,1,0,2025-02-23 00:53:22,0,1,0,1,O
1,1,1,2025-02-23 00:53:22,1,1,1,1,O
1,1,1,2025-02-23 01:14:52,1,1,1,1,O
1,0,0,2025-02-23 01:14:52,1,0,1,0,O
0,0,0,2025-02-23 01:14:52,0,0,0,0,O
0,0,0,2025-02-23 01:14:52,0,0,0,0,O
1,0,0,2025-02-23 01:14:52,1,0,1,0,O
0,1,0,2025-02-23 01:14:52,1,0,1,0,O
1,0,1,2025-02-23 01:14:52,0,1,0,1,O
0,1,1,2025-02-23 01:14:52,0,1,0,1,O
0,1,1,2025-02-23 01:34:26,0,1,0,1,O
0,0,1,2025-02-23 01:34:26,1,0,1,0,O
1,0,1,2025-02-23 01:34:26,0,1,0,1,O
0,0,0,2025-02-23 01:34:26,0,0,0,0,O
0,1,1,2025-02-23 01:34:26,0,1,0,1,O
0,1,1,2025-02-23 01:34:26,0,1,0,1,O
1,0,1,2025-02-23 01:34:26,0,1,0,1,O
1,1,0,2025-02-23 01:34:26,0,1,0,1,O
0,1,1,2025-02-23 01:45:33,0,1,0,1,O
0,0,0,2025-02-23 01:45:33,0,0,0,0,O
1,0,1,2025-02-23 01:45:33,0,1,0,1,O
0,1,0,2025-02-23 01:45:33,1,0,1,0,O
0,0,0,2025-02-23 01:45:33,0,0,0,0,O
0,1,1,2025-02-23 01:45:33,0,1,0,1,O
1,1,0,2025-02-23 01:45:33,0,1,0,1,O
1,1,0,2025-02-23 01:45:33,0,1,0,1,O
1,1,1,2025-02-23 01:56:29,1,1,1,1,O
0,1,1,2025-02-23 01:56:29,0,1,0,1,O
0,1,1,2025-02-23 01:56:29,0,1,0,1,O
1,0,1,2025-02-23 01:56:29,0,1,0,1,O
0,1,1,2025-02-23 01:56:29,0,1,0,1,O
0,0,0,2025-02-23 01:56:29,0,0,0,0,O
1,1,0,2025-02-23 01:56:29,0,1,0,1,O
1,0,0,2025-02-23 01:56:29,1,0,1,0,O
0,0,0,2025-02-23 02:18:57,0,0,0,0,O
1,0,0,2025-02-23 02:18:57,1,0,1,0,O
0,1,1,2025-02-23 02:18:57,0,1,0,1,O
1,1,1,2025-02-23 02:18:57,1,1,1,1,O
0,1,1,2025-02-23 02:18:57,0,1,0,1,O
0,0,1,2025-02-23 02:18:57,1,0,1,0,O
0,1,0,2025-02-23 02:18:57,1,0,1,0,O
1,1,0,2025-02-23 02:18:57,0,1,0,1,O
1,1,0,2025-02-23 02:32:52,0,1,0,1,O
0,0,0,2025-02-23 02:32:52,0,0,0,0,O
0,1,0,2025-02-23 02:32:52,1,0,1,0,O
0,1,0,2025-02-23 02:32:52,1,0,1,0,O
1,0,1,2025-02-23 02:32:52,0,1,0,1,O
1,1,0,2025-02-23 02:32:52,0,1,0,1,O
0,1,1,2025-02-23 02:32:52,0,1,0,1,O
0,0,0,2025-02-23 02:32:52,0,0,0,0,O
1,1,1,2025-02-23 02:43:59,1,1,1,1,O
1,1,1,2025-02-23 02:43:59,1,1,1,1,O
1,0,1,2025-02-23 02:43:59,0,1,0,1,O
0,1,0,2025-02-23 02:43:59,1,0,1,0,O
0,0,1,2025-02-23 02:43:59,1,0,1,0,O
1,0,1,2025-02-23 02:43:59,0,1,0,1,O
0,1,1,2025-02-23 02:43:59,0,1,0,1,O
1,1,1,2025-02-23 02:43:59,1,1,1,1,O
0,1,0,2025-02-23 02:54:28,1,0,1,0,O
0,0,0,2025-02-23 02:54:28,0,0,0,0,O
0,1,1,2025-02-23 02:54:28,0,1,0,1,O
0,0,0,2025-02-23 02:54:28,0,0,0,0,O
0,1,1,2025-02-23 02:54:28,0,1,0,1,O
1,0,0,2025-02-23 02:54:28,1,0,1,0,O
0,0,0,2025-02-23 02:54:28,0,0,0,0,O
1,1,0,2025-02-23 02:54:28,0,1,0,1,O
0,0,0,2025-02-23 03:21:08,0,0,0,0,O
0,0,1,2025-02-23 03:21:08,1,0,1,0,O
0,1,0,2025-02-23 03:21:08,1,0,1,0,O
0,0,0,2025-02-23 03:21:08,0,0,0,0,O
1,0,1,2025-02-23 03:21:08,0,1,0,1,O
0,1,1,2025-02-23 03:21:08,0,1,0,1,O
1,1,1,2025-02-23 03:21:08,1,1,1,1,O
0,0,1,2025-02-23 03:21:08,1,0,1,0,O
1,1,0,2025-02-23 03:38:41,0,1,0,1,O
1,1,0,2025-02-23 03:38:41,0,1,0,1,O
1,1,1,2025-02-23 03:38:41,1,1,1,1,O
0,1,0,2025-02-23 03:38:41,1,0,1,0,O
0,1,0,2025-02-23 03:38:41,1,0,1,0,O
0,1,0,2025-02-23 03:38:41,1,0,1,0,O
0,0,0,2025-02-23 03:38:41,0,0,0,0,O
0,1,0,2025-02-23 03:38:41,1,0,1,0,O
1,1,1,2025-02-23 03:50:38,1,1,1,1,O
1,0,1,2025-02-23 03:50:38,0,1,0,1,O
0,0,0,2025-02-23 03:50:38,0,0,0,0,O
1,1,1,2025-02-23 03:50:38,1,1,1,1,O
1,1,0,2025-02-23 03:50:38,0,1,0,1,O
0,0,0,2025-02-23 03:50:38,0,0,0,0,O
1,1,1,2025-02-23 03:50:38,1,1,1,1,O
0,1,0,2025-02-23 03:50:38,1,0,1,0,O
1,1,0,2025-02-23 04:01:18,0,1,0,1,O
0,0,0,2025-02-23 04:01:18,0,0,0,0,O
0,1,1,2025-02-23 04:01:18,0,1,0,1,O
0,1,0,2025-02-23 04:01:18,1,0,1,0,O
1,1,0,2025-02-23 04:01:18,0,1,0,1,O
0,1,1,2025-02-23 04:01:18,0,1,0,1,O
0,1,0,2025-02-23 04:01:18,1,0,1,0,O
0,0,1,2025-02-23 04:01:18,1,0,1,0,O
1,0,1,2025-02-23 04:19:30,0,1,0,1,O
1,0,0,2025-02-23 04:19:30,1,0,1,0,O
0,0,0,2025-02-23 04:19:30,0,0,0,0,O
1,0,1,2025-02-23 04:19:30,0,1,0,1,O
0,0,0,2025-02-23 04:19:30,0,0,0,0,O
0,1,0,2025-02-23 04:19:30,1,0,1,0,O
1,0,1,2025-02-23 04:19:30,0,1,0,1,O
0,1,1,2025-02-23 04:19:30,0,1,0,1,O
1,1,0,2025-02-23 04:29:31,0,1,0,1,O
1,1,0,2025-02-23 04:29:31,0,1,0,1,O
0,0,1,2025-02-23 04:29:31,1,0,1,0,O
0,0,0,2025-02-23 04:29:31,0,0,0,0,O
1,1,0,2025-02-23 04:29:31,0,1,0,1,O
0,1,1,2025-02-23 04:29:31,0,1,0,1,O
0,1,1,2025-02-23 04:29:31,0,1,0,1,O
1,1,1,2025-02-23 04:29:31,1,1,1,1,O
0,1,1,2025-02-23 04:40:20,0,1,0,1,O
1,0,0,2025-02-23 04:40:20,1,0,1,0,O
1,1,1,2025-02-23 04:40:20,1,1,1,1,O
0,0,1,2025-02-23 04:40:20,1,0,1,0,O
1,0,0,2025-02-23 04:40:20,1,0,1,0,O
1,0,1,2025-02-23 04:40:20,0,1,0,1,O
0,0,1,2025-02-23 04:40:20,1,0,1,0,O
0,1,0,2025-02-23 04:40:20,1,0,1,0,O
0,1,1,2025-02-23 04:51:25,0,1,0,1,O
0,1,0,2025-02-23 04:51:25,1,0,1,0,O
1,1,1,2025-02-23 04:51:25,1,1,1,1,O
1,1,1,2025-02-23 04:51:25,1,1,1,1,O
1,0,1,2025-02-23 04:51:25,0,1,0,1,O
0,1,0,2025-02-23 04:51:25,1,0,1,0,O
0,0,1,2025-02-23 04:51:25,1,0,1,0,O
0,1,0,2025-02-23 04:51:25,1,0,1,0,O
1,1,0,2025-02-23 05:10:25,0,1,0,1,O
1,1,0,2025-02-23 05:10:25,0,1,0,1,O
0,0,1,2025-02-23 05:10:25,1,0,1,0,O
0,1,1,2025-02-23 05:10:25,0,1,0,1,O
0,0,0,2025-02-23 05:10:25,0,0,0,0,O
0,0,1,2025-02-23 05:10:25,1,0,1,0,O
1,1,0,2025-02-23 05:10:25,0,1,0,1,O
0,1,0,2025-02-23 05:10:25,1,0,1,0,O
1,0,1,2025-02-23 05:30:27,0,1,0,1,O
0,1,0,2025-02-23 05:30:27,1,0,1,0,O
0,0,1,2025-02-23 05:30:27,1,0,1,0,O
0,0,0,2025-02-23 05:30:27,0,0,0,0,O
1,0,1,2025-02-23 05:30:27,0,1,0,1,O
1,0,0,2025-02-23 05:30:27,1,0,1,0,O
0,1,1,2025-02-23 05:30:27,0,1,0,1,O
0,1,0,2025-02-23 05:30:27,1,0,1,0,O
1,0,0,2025-02-23 05:40:34,1,0,1,0,O
0,0,0,2025-02-23 05:40:34,0,0,0,0,O
0,0,1,2025-02-23 05:40:34,1,0,1,0,O
0,1,1,2025-02-23 05:40:34,0,1,0,1,O
1,0,1,2025-02-23 05:40:34,0,1,0,1,O
0,1,0,2025-02-23 05:40:34,1,0,1,0,O
1,1,0,2025-02-23 05:40:34,0,1,0,1,O
0,1,1,2025-02-23 05:40:34,0,1,0,1,O
1,1,1,2025-02-23 05:52:22,1,1,1,1,O
1,0,0,2025-02-23 05:52:22,1,0,1,0,O
0,0,1,2025-02-23 05:52:22,1,0,1,0,O
0,0,1,2025-02-23 05:52:22,1,0,1,0,O
0,0,0,2025-02-23 05:52:22,0,0,0,0,O
0,0,0,2025-02-23 05:52:22,0,0,0,0,O
0,1,0,2025-02-23 05:52:22,1,0,1,0,O
0,1,1,2025-02-23 05:52:22,0,1,0,1,O
0,1,0,2025-02-23 06:11:30,1,0,1,0,O
1,1,1,2025-02-23 06:11:30,1,1,1,1,O
1,0,0,2025-02-23 06:11:30,1,0,1,0,O
1,1,0,2025-02-23 06:11:30,0,1,0,1,O
0,0,0,2025-02-23 06:11:30,0,0,0,0,O
0,1,1,2025-02-23 06:11:30,0,1,0,1,O
1,0,1,2025-02-23 06:11:30,0,1,0,1,O
0,1,0,2025-02-23 06:11:30,1,0,1,0,O
1,1,0,2025-02-23 06:26:16,0,1,0,1,O
1,0,1,2025-02-23 06:26:16,0,1,0,1,O
0,1,1,2025-02-23 06:26:16,0,1,0,1,O
0,0,0,2025-02-23 06:26:16,0,0,0,0,O
0,1,0,2025-02-23 06:26:16,1,0,1,0,O
1,1,0,2025-02-23 06:26:16,0,1,0,1,O
1,0,1,2025-02-23 06:26:16,0,1,0,1,O
0,1,1,2025-02-23 06:26:16,0,1,0,1,O
1,1,1,2025-02-23 06:38:33,1,1,1,1,O
0,0,0,2025-02-23 06:38:33,0,0,0,0,O
0,1,0,2025-02-23 06:38:33,1,0,1,0,O
0,0,1,2025-02-23 06:38:33,1,0,1,0,O
0,0,0,2025-02-23 06:38:33,0,0,0,0,O
1,1,1,2025-02-23 06:38:33,1,1,1,1,O
1,0,0,2025-02-23 06:38:33,1,0,1,0,O
1,1,0,2025-02-23 06:38:33,0,1,0,1,O
0,0,1,2025-02-23 06:49:07,1,0,1,0,O
0,1,0,2025-02-23 06:49:07,1,0,1,0,O
0,1,0,2025-02-23 06:49:07,1,0,1,0,O
1,0,0,2025-02-23 06:49:07,1,0,1,0,O
1,0,0,2025-02-23 06:49:07,1,0,1,0,O
0,0,0,2025-02-23 06:49:07,0,0,0,0,O
1,0,0,2025-02-23 06:49:07,1,0,1,0,O
1,0,1,2025-02-23 06:49:07,0,1,0,1,O
0,0,0,2025-02-23 07:00:55,0,0,0,0,O
0,0,0,2025-02-23 07:00:55,0,0,0,0,O
0,1,1,2025-02-23 07:00:55,0,1,0,1,O
1,1,0,2025-02-23 07:00:55,0,1,0,1,O
0,0,0,2025-02-23 07:00:55,0,0,0,0,O
0,1,0,2025-02-23 07:00:55,1,0,1,0,O
1,0,1,2025-02-23 07:00:55,0,1,0,1,O
0,0,0,2025-02-23 07:00:55,0,0,0,0,O
1,0,0,2025-02-23 07:23:08,1,0,1,0,O
1,0,0,2025-02-23 07:23:08,1,0,1,0,O
0,0,0,2025-02-23 07:23:08,0,0,0,0,O
1,0,1,2025-02-23 07:23:08,0,1,0,1,O
1,1,1,2025-02-23 07:23:08,1,1,1,1,O
0,0,1,2025-02-23 07:23:08,1,0,1,0,O
0,1,0,2025-02-23 07:23:08,1,0,1,0,O
1,1,0,2025-02-23 07:23:08,0,1,0,1,O
0,0,1,2025-02-23 07:36:18,1,0,1,0,O
0,1,0,2025-02-23 07:36:18,1,0,1,0,O
0,0,1,2025-02-23 07:36:18,1,0,1,0,O
0,1,1,2025-02-23 07:36:18,0,1,0,1,O
0,1,0,2025-02-23 07:36:18,1,0,1,0,O
0,1,1,2025-02-23 07:36:18,0,1,0,1,O
1,0,1,2025-02-23 07:36:18,0,1,0,1,O
0,1,0,2025-02-23 07:36:18,1,0,1,0,O
0,1,1,2025-02-23 07:47:34,0,1,0,1,O
1,0,0,2025-02-23 07:47:34,1,0,1,0,O
1,1,0,2025-02-23 07:47:34,0,1,0,1,O
1,1,1,2025-02-23 07:47:34,1,1,1,1,O
0,1,0,2025-02-23 07:47:34,1,0,1,0,O
1,1,1,2025-02-23 07:47:34,1,1,1,1,O
0,1,0,2025-02-23 07:47:34,1,0,1,0,O
1,1,1,2025-02-23 07:47:34,1,1,1,1,O
0,1,0,2025-02-23 07:58:30,1,0,1,0,O
0,0,0,2025-02-23 07:58:30,0,0,0,0,O
0,1,1,2025-02-23 07:58:30,0,1,0,1,O
0,1,1,2025-02-23 07:58:30,0,1,0,1,O
0,1,1,2025-02-23 07:58:30,0,1,0,1,O
1,0,0,2025-02-23 07:58:30,1,0,1,0,O
1,1,1,2025-02-23 07:58:30,1,1,1,1,O
1,0,1,2025-02-23 07:58:30,0,1,0,1,O
0,0,0,2025-02-23 08:21:18,0,0,0,0,O
0,0,1,2025-02-23 08:21:18,1,0,1,0,O
1,0,1,2025-02-23 08:21:18,0,1,0,1,O
0,1,0,2025-02-23 08:21:18,1,0,1,0,O
1,1,1,2025-02-23 08:21:18,1,1,1,1,O
1,1,0,2025-02-23 08:21:18,0,1,0,1,O
0,0,0,2025-02-23 08:21:18,0,0,0,0,O
1,1,1,2025-02-23 08:21:18,1,1,1,1,O
0,1,1,2025-02-23 08:32:34,0,1,0,1,O
0,0,1,2025-02-23 08:32:34,1,0,1,0,O
1,0,1,2025-02-23 08:32:34,0,1,0,1,O
1,1,0,2025-02-23 08:32:34,0,1,0,1,O
0,1,0,2025-02-23 08:32:34,1,0,1,0,O
0,1,1,2025-02-23 08:32:34,0,1,0,1,O
0,1,0,2025-02-23 08:32:34,1,0,1,0,O
1,1,0,2025-02-23 08:32:34,0,1,0,1,O
0,1,1,2025-02-23 08:42:41,0,1,0,1,O
0,1,1,2025-02-23 08:42:41,0,1,0,1,O
0,0,0,2025-02-23 08:42:41,0,0,0,0,O
0,0,1,2025-02-23 08:42:41,1,0,1,0,O
1,1,1,2025-02-23 08:42:41,1,1,1,1,O
0,1,0,2025-02-23 08:42:41,1,0,1,0,O
1,1,1,2025-02-23 08:42:41,1,1,1,1,O
0,0,0,2025-02-23 08:42:41,0,0,0,0,O
0,1,0,2025-02-23 08:54:03,1,0,1,0,O
1,1,1,2025-02-23 08:54:03,1,1,1,1,O
1,0,1,2025-02-23 08:54:03,0,1,0,1,O
1,1,0,2025-02-23 08:54:03,0,1,0,1,O
1,0,1,2025-02-23 08:54:03,0,1,0,1,O
0,0,1,2025-02-23 08:54:03,1,0,1,0,O
0,1,0,2025-02-23 08:54:03,1,0,1,0,O
0,1,0,2025-02-23 08:54:03,1,0,1,0,O
1,0,0,2025-02-23 10:18:32,1,0,1,0,O
1,0,1,2025-02-23 10:18:32,0,1,0,1,O
1,1,1,2025-02-23 10:18:32,1,1,1,1,O
1,1,1,2025-02-23 10:18:32,1,1,1,1,O
1,0,0,2025-02-23 10:18:32,1,0,1,0,O
0,1,1,2025-02-23 10:18:32,0,1,0,1,O
0,1,0,2025-02-23 10:18:32,1,0,1,0,O
0,0,0,2025-02-23 10:18:32,0,0,0,0,O
1,1,0,2025-02-23 11:35:37,0,1,0,1,O
1,1,1,2025-02-23 11:35:37,1,1,1,1,O
0,1,0,2025-02-23 11:35:37,1,0,1,0,O
1,0,1,2025-02-23 11:35:37,0,1,0,1,O
0,0,1,2025-02-23 11:35:37,1,0,1,0,O
1,0,0,2025-02-23 11:35:37,1,0,1,0,O
0,0,0,2025-02-23 11:35:37,0,0,0,0,O
0,1,1,2025-02-23 11:35:37,0,1,0,1,O
0,0,0,2025-02-23 12:06:36,0,0,0,0,O
1,0,0,2025-02-23 12:06:36,1,0,1,0,O
1,1,1,2025-02-23 12:06:36,1,1,1,1,O
0,1,1,2025-02-23 12:06:36,0,1,0,1,O
0,0,1,2025-02-23 12:06:36,1,0,1,0,O
0,0,1,2025-02-23 12:06:36,1,0,1,0,O
1,1,0,2025-02-23 12:06:36,0,1,0,1,O
1,1,0,2025-02-23 12:06:36,0,1,0,1,O
1,0,0,2025-02-23 12:33:21,1,0,1,0,O
1,1,0,2025-02-23 12:33:21,0,1,0,1,O
0,0,1,2025-02-23 12:33:21,1,0,1,0,O
0,0,0,2025-02-23 12:33:21,0,0,0,0,O
0,0,1,2025-02-23 12:33:21,1,0,1,0,O
0,1,0,2025-02-23 12:33:21,1,0,1,0,O
0,0,1,2025-02-23 12:33:21,1,0,1,0,O
0,1,0,2025-02-23 12:33:21,1,0,1,0,O
0,1,0,2025-02-23 12:45:53,1,0,1,0,O
0,0,1,2025-02-23 12:45:53,1,0,1,0,O
1,0,0,2025-02-23 12:45:53,1,0,1,0,O
1,0,1,2025-02-23 12:45:53,0,1,0,1,O
0,1,0,2025-02-23 12:45:53,1,0,1,0,O
0,1,1,2025-02-23 12:45:53,0,1,0,1,O
1,1,0,2025-02-23 12:45:53,0,1,0,1,O
1,0,1,2025-02-23 12:45:53,0,1,0,1,O
1,1,1,2025-02-23 12:57:43,1,1,1,1,O
1,1,0,2025-02-23 12:57:43,0,1,0,1,O
1,1,1,2025-02-23 12:57:43,1,1,1,1,O
1,0,0,2025-02-23 12:57:43,1,0,1,0,O
1,0,1,2025-02-23 12:57:43,0,1,0,1,O
1,0,0,2025-02-23 12:57:43,1,0,1,0,O
1,0,0,2025-02-23 12:57:43,1,0,1,0,O
1,1,0,2025-02-23 12:57:43,0,1,0,1,O
0,1,1,2025-02-23 13:26:55,0,1,0,1,O
1,0,0,2025-02-23 13:26:55,1,0,1,0,O
0,0,0,2025-02-23 13:26:55,0,0,0,0,O
1,0,0,2025-02-23 13:26:55,1,0,1,0,O
0,0,1,2025-02-23 13:26:55,1,0,1,0,O
0,0,1,2025-02-23 13:26:55,1,0,1,0,O
1,1,1,2025-02-23 13:26:55,1,1,1,1,O
0,1,1,2025-02-23 13:26:55,0,1,0,1,O
1,1,1,2025-02-23 13:43:22,1,1,1,1,O
0,1,1,2025-02-23 13:43:22,0,1,0,1,O
0,0,1,2025-02-23 13:43:22,1,0,1,0,O
0,0,0,2025-02-23 13:43:22,0,0,0,0,O
1,0,1,2025-02-23 13:43:22,0,1,0,1,O
0,1,0,2025-02-23 13:43:22,1,0,1,0,O
0,1,0,2025-02-23 13:43:22,1,0,1,0,O
1,0,0,2025-02-23 13:43:22,1,0,1,0,O
0,0,0,2025-02-23 13:54:02,0,0,0,0,O
1,1,1,2025-02-23 13:54:02,1,1,1,1,O
0,0,0,2025-02-23 13:54:02,0,0,0,0,O
0,0,1,2025-02-23 13:54:02,1,0,1,0,O
0,0,0,2025-02-23 13:54:02,0,0,0,0,O
1,1,0,2025-02-23 13:54:02,0,1,0,1,O
0,1,0,2025-02-23 13:54:02,1,0,1,0,O
0,1,1,2025-02-23 13:54:02,0,1,0,1,O
1,0,0,2025-02-23 14:14:58,1,0,1,0,O
1,0,1,2025-02-23 14:14:58,0,1,0,1,O
1,0,1,2025-02-23 14:14:58,0,1,0,1,O
0,0,0,2025-02-23 14:14:58,0,0,0,0,O
0,0,0,2025-02-23 14:14:58,0,0,0,0,O
0,0,1,2025-02-23 14:14:58,1,0,1,0,O
0,1,0,2025-02-23 14:14:58,1,0,1,0,O
0,1,1,2025-02-23 14:14:58,0,1,0,1,O
0,1,1,2025-02-23 14:31:58,0,1,0,1,O
1,0,1,2025-02-23 14:31:58,0,1,0,1,O
1,1,0,2025-02-23 14:31:58,0,1,0,1,O
0,0,0,2025-02-23 14:31:58,0,0,0,0,O
1,0,0,2025-02-23 14:31:58,1,0,1,0,O
0,1,0,2025-02-23 14:31:58,1,0,1,0,O
0,0,0,2025-02-23 14:31:58,0,0,0,0,O
0,0,0,2025-02-23 14:31:58,0,0,0,0,O
0,0,0,2025-02-23 14:43:10,0,0,0,0,O
1,0,1,2025-02-23 14:43:10,0,1,0,1,O
0,1,1,2025-02-23 14:43:10,0,1,0,1,O
0,1,0,2025-02-23 14:43:10,1,0,1,0,O
1,1,1,2025-02-23 14:43:10,1,1,1,1,O
1,1,1,2025-02-23 14:43:10,1,1,1,1,O
0,1,0,2025-02-23 14:43:10,1,0,1,0,O
0,0,0,2025-02-23 14:43:10,0,0,0,0,O
0,0,0,2025-02-23 14:54:05,0,0,0,0,O
0,0,0,2025-02-23 14:54:05,0,0,0,0,O
1,0,0,2025-02-23 14:54:05,1,0,1,0,O
1,1,0,2025-02-23 14:54:05,0,1,0,1,O
0,0,1,2025-02-23 14:54:05,1,0,1,0,O
0,0,1,2025-02-23 14:54:05,1,0,1,0,O
1,1,0,2025-02-23 14:54:05,0,1,0,1,O
1,0,0,2025-02-23 14:54:05,1,0,1,0,O
1,0,1,2025-02-23 15:21:19,0,1,0,1,O
1,0,1,2025-02-23 15:21:19,0,1,0,1,O
1,0,0,2025-02-23 15:21:19,1,0,1,0,O
0,1,0,2025-02-23 15:21:19,1,0,1,0,O
1,0,1,2025-02-23 15:21:19,0,1,0,1,O
1,0,1,2025-02-23 15:21:19,0,1,0,1,O
1,0,1,2025-02-23 15:21:19,0,1,0,1,O
1,0,1,2025-02-23 15:21:19,0,1,0,1,O
1,0,0,2025-02-23 15:40:34,1,0,1,0,O
0,1,1,2025-02-23 15:40:34,0,1,0,1,O
0,1,0,2025-02-23 15:40:34,1,0,1,0,O
1,0,0,2025-02-23 15:40:34,1,0,1,0,O
0,1,0,2025-02-23 15:40:34,1,0,1,0,O
0,0,1,2025-02-23 15:40:34,1,0,1,0,O
1,0,1,2025-02-23 15:40:34,0,1,0,1,O
1,1,1,2025-02-23 15:40:34,1,1,1,1,O
1,0,0,2025-02-23 15:51:10,1,0,1,0,O
1,1,0,2025-02-23 15:51:10,0,1,0,1,O
0,0,0,2025-02-23 15:51:10,0,0,0,0,O
0,0,1,2025-02-23 15:51:10,1,0,1,0,O
1,0,0,2025-02-23 15:51:10,1,0,1,0,O
1,1,1,2025-02-23 15:51:10,1,1,1,1,O
0,0,0,2025-02-23 15:51:10,0,0,0,0,O
1,1,0,2025-02-23 15:51:10,0,1,0,1,O
0,1,1,2025-02-23 16:09:10,0,1,0,1,O
0,1,1,2025-02-23 16:09:10,0,1,0,1,O
0,1,1,2025-02-23 16:09:10,0,1,0,1,O
0,0,1,2025-02-23 16:09:10,1,0,1,0,O
1,1,0,2025-02-23 16:09:10,0,1,0,1,O
1,1,0,2025-02-23 16:09:10,0,1,0,1,O
1,0,0,2025-02-23 16:09:10,1,0,1,0,O
0,0,1,2025-02-23 16:09:10,1,0,1,0,O
0,0,0,2025-02-23 16:25:25,0,0,0,0,O
1,1,1,2025-02-23 16:25:25,1,1,1,1,O
0,1,0,2025-02-23 16:25:25,1,0,1,0,O
1,1,1,2025-02-23 16:25:25,1,1,1,1,O
0,1,1,2025-02-23 16:25:25,0,1,0,1,O
1,1,0,2025-02-23 16:25:25,0,1,0,1,O
1,0,1,2025-02-23 16:25:25,0,1,0,1,O
1,1,1,2025-02-23 16:25:25,1,1,1,1,O
0,0,0,2025-02-23 16:37:06,0,0,0,0,O
0,0,1,2025-02-23 16:37:06,1,0,1,0,O
1,1,0,2025-02-23 16:37:06,0,1,0,1,O
1,1,1,2025-02-23 16:37:06,1,1,1,1,O
0,1,0,2025-02-23 16:37:06,1,0,1,0,O
0,1,1,2025-02-23 16:37:06,0,1,0,1,O
0,1,0,2025-02-23 16:37:06,1,0,1,0,O
0,0,0,2025-02-23 16:37:06,0,0,0,0,O
0,1,1,2025-02-23 16:48:30,0,1,0,1,O
0,0,1,2025-02-23 16:48:30,1,0,1,0,O
1,0,1,2025-02-23 16:48:30,0,1,0,1,O
1,1,0,2025-02-23 16:48:30,0,1,0,1,O
0,1,0,2025-02-23 16:48:30,1,0,1,0,O
0,0,0,2025-02-23 16:48:30,0,0,0,0,O
1,1,1,2025-02-23 16:48:30,1,1,1,1,O
1,0,1,2025-02-23 16:48:30,0,1,0,1,O
1,1,1,2025-02-23 16:59:29,1,1,1,1,O
1,1,1,2025-02-23 16:59:29,1,1,1,1,O
0,0,0,2025-02-23 16:59:29,0,0,0,0,O
1,0,0,2025-02-23 16:59:29,1,0,1,0,O
0,0,1,2025-02-23 16:59:29,1,0,1,0,O
1,0,1,2025-02-23 16:59:29,0,1,0,1,O
1,0,0,2025-02-23 16:59:29,1,0,1,0,O
1,1,1,2025-02-23 16:59:29,1,1,1,1,O
0,1,0,2025-02-23 17:28:47,1,0,1,0,O
1,0,1,2025-02-23 17:28:47,0,1,0,1,O
1,0,0,2025-02-23 17:28:47,1,0,1,0,O
0,1,0,2025-02-23 17:28:47,1,0,1,0,O
0,0,0,2025-02-23 17:28:47,0,0,0,0,O
1,1,0,2025-02-23 17:28:47,0,1,0,1,O
0,0,1,2025-02-23 17:28:47,1,0,1,0,O
1,1,1,2025-02-23 17:28:47,1,1,1,1,O
1,1,0,2025-02-23 17:43:01,0,1,0,1,O
1,1,0,2025-02-23 17:43:01,0,1,0,1,O
0,1,1,2025-02-23 17:43:01,0,1,0,1,O
0,0,0,2025-02-23 17:43:01,0,0,0,0,O
0,1,1,2025-02-23 17:43:01,0,1,0,1,O
1,0,0,2025-02-23 17:43:01,1,0,1,0,O
0,1,1,2025-02-23 17:43:01,0,1,0,1,O
0,0,0,2025-02-23 17:43:01,0,0,0,0,O
0,0,0,2025-02-23 17:54:11,0,0,0,0,O
1,1,1,2025-02-23 17:54:11,1,1,1,1,O
0,0,0,2025-02-23 17:54:11,0,0,0,0,O
0,1,0,2025-02-23 17:54:11,1,0,1,0,O
1,1,1,2025-02-23 17:54:11,1,1,1,1,O
1,1,0,2025-02-23 17:54:11,0,1,0,1,O
1,1,0,2025-02-23 17:54:11,0,1,0,1,O
1,1,1,2025-02-23 17:54:11,1,1,1,1,O
1,1,1,2025-02-23 18:16:00,1,1,1,1,O
1,1,1,2025-02-23 18:16:00,1,1,1,1,O
1,1,1,2025-02-23 18:16:00,1,1,1,1,O
0,0,1,2025-02-23 18:16:00,1,0,1,0,O
0,1,1,2025-02-23 18:16:00,0,1,0,1,O
0,0,0,2025-02-23 18:16:00,0,0,0,0,O
1,0,0,2025-02-23 18:16:00,1,0,1,0,O
0,0,1,2025-02-23 18:16:00,1,0,1,0,O
0,1,1,2025-02-23 18:30:58,0,1,0,1,O
0,0,1,2025-02-23 18:30:58,1,0,1,0,O
1,1,0,2025-02-23 18:30:58,0,1,0,1,O
0,1,1,2025-02-23 18:30:58,0,1,0,1,O
1,0,1,2025-02-23 18:30:58,0,1,0,1,O
1,0,1,2025-02-23 18:30:58,0,1,0,1,O
0,1,0,2025-02-23 18:30:58,1,0,1,0,O
0,1,0,2025-02-23 18:30:58,1,0,1,0,O
0,0,1,2025-02-23 18:42:08,1,0,1,0,O
0,1,1,2025-02-23 18:42:08,0,1,0,1,O
0,0,0,2025-02-23 18:42:08,0,0,0,0,O
0,1,1,2025-02-23 18:42:08,0,1,0,1,O
1,0,0,2025-02-23 18:42:08,1,0,1,0,O
0,1,1,2025-02-23 18:42:08,0,1,0,1,O
1,1,0,2025-02-23 18:42:08,0,1,0,1,O
0,0,0,2025-02-23 18:42:08,0,0,0,0,O
1,0,1,2025-02-23 18:53:24,0,1,0,1,O
0,1,0,2025-02-23 18:53:24,1,0,1,0,O
0,0,0,2025-02-23 18:53:24,0,0,0,0,O
0,1,0,2025-02-23 18:53:24,1,0,1,0,O
1,0,1,2025-02-23 18:53:24,0,1,0,1,O
1,0,0,2025-02-23 18:53:24,1,0,1,0,O
0,1,1,2025-02-23 18:53:24,0,1,0,1,O
1,0,0,2025-02-23 18:53:24,1,0,1,0,O
0,1,1,2025-02-23 19:14:51,0,1,0,1,O
1,1,1,2025-02-23 19:14:51,1,1,1,1,O
1,0,0,2025-02-23 19:14:51,1,0,1,0,O
1,1,1,2025-02-23 19:14:51,1,1,1,1,O
0,0,0,2025-02-23 19:14:51,0,0,0,0,O
0,0,1,2025-02-23 19:14:51,1,0,1,0,O
0,0,1,2025-02-23 19:14:51,1,0,1,0,O
1,0,0,2025-02-23 19:14:51,1,0,1,0,O
1,1,1,2025-02-23 19:33:55,1,1,1,1,O
0,0,1,2025-02-23 19:33:55,1,0,1,0,O
0,0,1,2025-02-23 19:33:55,1,0,1,0,O
0,1,1,2025-02-23 19:33:55,0,1,0,1,O
0,1,1,2025-02-23 19:33:55,0,1,0,1,O
1,1,0,2025-02-23 19:33:55,0,1,0,1,O
0,0,1,2025-02-23 19:33:55,1,0,1,0,O
0,0,1,2025-02-23 19:33:55,1,0,1,0,O
1,0,1,2025-02-23 19:45:07,0,1,0,1,O
0,0,0,2025-02-23 19:45:07,0,0,0,0,O
1,0,0,2025-02-23 19:45:07,1,0,1,0,O
0,0,0,2025-02-23 19:45:07,0,0,0,0,O
1,1,1,2025-02-23 19:45:07,1,1,1,1,O
0,0,1,2025-02-23 19:45:07,1,0,1,0,O
1,0,0,2025-02-23 19:45:07,1,0,1,0,O
0,0,1,2025-02-23 19:45:07,1,0,1,0,O
1,0,1,2025-02-23 19:56:06,0,1,0,1,O
0,0,1,2025-02-23 19:56:06,1,0,1,0,O
1,0,0,2025-02-23 19:56:06,1,0,1,0,O
0,1,0,2025-02-23 19:56:06,1,0,1,0,O
1,0,0,2025-02-23 19:56:06,1,0,1,0,O
0,1,1,2025-02-23 19:56:06,0,1,0,1,O
0,1,0,2025-02-23 19:56:06,1,0,1,0,O
0,0,1,2025-02-23 19:56:06,1,0,1,0,O
0,0,0,2025-02-23 20:17:11,0,0,0,0,O
1,0,1,2025-02-23 20:17:11,0,1,0,1,O
1,0,0,2025-02-23 20:17:11,1,0,1,0,O
1,0,0,2025-02-23 20:17:11,1,0,1,0,O
1,1,0,2025-02-23 20:17:11,0,1,0,1,O
0,1,0,2025-02-23 20:17:11,1,0,1,0,O
0,1,0,2025-02-23 20:17:11,1,0,1,0,O
0,0,1,2025-02-23 20:17:11,1,0,1,0,O
1,1,0,2025-02-23 20:27:51,0,1,0,1,O
0,1,1,2025-02-23 20:27:51,0,1,0,1,O
0,0,0,2025-02-23 20:27:51,0,0,0,0,O
0,0,1,2025-02-23 20:27:51,1,0,1,0,O
0,1,0,2025-02-23 20:27:51,1,0,1,0,O
0,0,1,2025-02-23 20:27:51,1,0,1,0,O
1,1,0,2025-02-23 20:27:51,0,1,0,1,O
0,0,0,2025-02-23 20:27:51,0,0,0,0,O
1,1,1,2025-02-23 20:40:13,1,1,1,1,O
0,1,1,2025-02-23 20:40:13,0,1,0,1,O
0,0,1,2025-02-23 20:40:13,1,0,1,0,O
0,1,0,2025-02-23 20:40:13,1,0,1,0,O
0,0,0,2025-02-23 20:40:13,0,0,0,0,O
0,1,0,2025-02-23 20:40:13,1,0,1,0,O
1,1,0,2025-02-23 20:40:13,0,1,0,1,O
0,1,1,2025-02-23 20:40:13,0,1,0,1,O
0,0,0,2025-02-23 20:52:29,0,0,0,0,O
1,1,0,2025-02-23 20:52:29,0,1,0,1,O
0,0,0,2025-02-23 20:52:29,0,0,0,0,O
0,0,1,2025-02-23 20:52:29,1,0,1,0,O
0,1,1,2025-02-23 20:52:29,0,1,0,1,O
0,0,1,2025-02-23 20:52:29,1,0,1,0,O
1,0,1,2025-02-23 20:52:29,0,1,0,1,O
1,1,0,2025-02-23 20:52:29,0,1,0,1,O
1,0,0,2025-02-23 21:18:07,1,0,1,0,O
0,0,0,2025-02-23 21:18:07,0,0,0,0,O
1,1,0,2025-02-23 21:18:07,0,1,0,1,O
0,1,0,2025-02-23 21:18:07,1,0,1,0,O
1,1,0,2025-02-23 21:18:07,0,1,0,1,O
0,0,1,2025-02-23 21:18:07,1,0,1,0,O
1,1,0,2025-02-23 21:18:07,0,1,0,1,O
1,0,1,2025-02-23 21:18:07,0,1,0,1,O
0,0,1,2025-02-23 21:51:14,1,0,1,0,O
0,1,1,2025-02-23 21:51:14,0,1,0,1,O
1,0,0,2025-02-23 21:51:14,1,0,1,0,O
1,0,0,2025-02-23 21:51:14,1,0,1,0,O
0,0,1,2025-02-23 21:51:14,1,0,1,0,O
1,1,0,2025-02-23 21:51:14,0,1,0,1,O
0,0,0,2025-02-23 21:51:14,0,0,0,0,O
0,0,0,2025-02-23 21:51:14,0,0,0,0,O
0,0,1,2025-02-23 22:14:37,1,0,1,0,O
0,1,1,2025-02-23 22:14:37,0,1,0,1,O
1,0,1,2025-02-23 22:14:37,0,1,0,1,O
1,1,1,2025-02-23 22:14:37,1,1,1,1,O
1,0,1,2025-02-23 22:14:37,0,1,0,1,O
1,0,0,2025-02-23 22:14:37,1,0,1,0,O
1,1,0,2025-02-23 22:14:37,0,1,0,1,O
0,1,1,2025-02-23 22:14:37,0,1,0,1,O
0,0,1,2025-02-23 22:29:36,1,0,1,0,O
0,1,0,2025-02-23 22:29:36,1,0,1,0,O
1,1,0,2025-02-23 22:29:36,0,1,0,1,O
0,1,1,2025-02-23 22:29:36,0,1,0,1,O
0,0,1,2025-02-23 22:29:36,1,0,1,0,O
0,0,0,2025-02-23 22:29:36,0,0,0,0,O
1,1,0,2025-02-23 22:29:36,0,1,0,1,O
1,0,1,2025-02-23 22:29:36,0,1,0,1,O
1,1,1,2025-02-23 22:41:19,1,1,1,1,O
0,1,0,2025-02-23 22:41:19,1,0,1,0,O
1,0,1,2025-02-23 22:41:19,0,1,0,1,O
0,0,0,2025-02-23 22:41:19,0,0,0,0,O
1,0,1,2025-02-23 22:41:19,0,1,0,1,O
0,1,0,2025-02-23 22:41:19,1,0,1,0,O
0,1,0,2025-02-23 22:41:19,1,0,1,0,O
0,0,0,2025-02-23 22:41:19,0,0,0,0,O
0,0,1,2025-02-23 22:51:46,1,0,1,0,O
0,0,1,2025-02-23 22:51:46,1,0,1,0,O
0,0,0,2025-02-23 22:51:46,0,0,0,0,O
1,0,1,2025-02-23 22:51:46,0,1,0,1,O
0,1,1,2025-02-23 22:51:46,0,1,0,1,O
1,1,1,2025-02-23 22:51:46,1,1,1,1,O
0,1,0,2025-02-23 22:51:46,1,0,1,0,O
0,0,0,2025-02-23 22:51:46,0,0,0,0,O
1,1,1,2025-02-23 23:11:08,1,1,1,1,O
1,0,0,2025-02-23 23:11:08,1,0,1,0,O
1,1,0,2025-02-23 23:11:08,0,1,0,1,O
1,1,1,2025-02-23 23:11:08,1,1,1,1,O
1,1,1,2025-02-23 23:11:08,1,1,1,1,O
1,1,0,2025-02-23 23:11:08,0,1,0,1,O
0,0,0,2025-02-23 23:11:08,0,0,0,0,O
0,1,1,2025-02-23 23:11:08,0,1,0,1,O
1,1,1,2025-02-23 23:29:39,1,1,1,1,O
1,0,0,2025-02-23 23:29:39,1,0,1,0,O
0,0,1,2025-02-23 23:29:39,1,0,1,0,O
0,1,0,2025-02-23 23:29:39,1,0,1,0,O
0,1,0,2025-02-23 23:29:39,1,0,1,0,O
1,0,0,2025-02-23 23:29:39,1,0,1,0,O
0,0,1,2025-02-23 23:29:39,1,0,1,0,O
0,1,0,2025-02-23 23:29:39,1,0,1,0,O
1,1,0,2025-02-23 23:41:49,0,1,0,1,O
1,0,1,2025-02-23 23:41:49,0,1,0,1,O
0,0,0,2025-02-23 23:41:49,0,0,0,0,O
1,1,1,2025-02-23 23:41:49,1,1,1,1,O
0,0,1,2025-02-23 23:41:49,1,0,1,0,O
0,0,1,2025-02-23 23:41:49,1,0,1,0,O
1,0,0,2025-02-23 23:41:49,1,0,1,0,O
1,1,0,2025-02-23 23:41:49,0,1,0,1,O
0,1,0,2025-02-23 23:53:47,1,0,1,0,O
1,0,0,2025-02-23 23:53:47,1,0,1,0,O
0,1,1,2025-02-23 23:53:47,0,1,0,1,O
0,0,1,2025-02-23 23:53:47,1,0,1,0,O
1,0,1,2025-02-23 23:53:47,0,1,0,1,O
1,1,0,2025-02-23 23:53:47,0,1,0,1,O
0,0,1,2025-02-23 23:53:47,1,0,1,0,O
1,0,1,2025-02-23 23:53:47,0,1,0,1,O
0,0,0,2025-02-24 00:12:58,0,0,0,0,O
1,0,0,2025-02-24 00:12:58,1,0,1,0,O
0,0,1,2025-02-24 00:12:58,1,0,1,0,O
1,1,0,2025-02-24 00:12:58,0,1,0,1,O
0,0,1,2025-02-24 00:12:58,1,0,1,0,O
0,0,1,2025-02-24 00:12:58,1,0,1,0,O
1,0,1,2025-02-24 00:12:58,0,1,0,1,O
0,0,0,2025-02-24 00:12:58,0,0,0,0,O
0,1,0,2025-02-24 00:29:02,1,0,1,0,O
1,0,1,2025-02-24 00:29:02,0,1,0,1,O
1,1,0,2025-02-24 00:29:02,0,1,0,1,O
1,0,1,2025-02-24 00:29:02,0,1,0,1,O
1,1,0,2025-02-24 00:29:02,0,1,0,1,O
1,1,0,2025-02-24 00:29:02,0,1,0,1,O
0,0,0,2025-02-24 00:29:02,0,0,0,0,O
0,0,0,2025-02-24 00:29:02,0,0,0,0,O
0,0,1,2025-02-24 00:40:21,1,0,1,0,O
1,0,0,2025-02-24 00:40:21,1,0,1,0,O
1,1,0,2025-02-24 00:40:21,0,1,0,1,O
0,1,1,2025-02-24 00:40:21,0,1,0,1,O
1,1,0,2025-02-24 00:40:21,0,1,0,1,O
1,1,0,2025-02-24 00:40:21,0,1,0,1,O
0,0,0,2025-02-24 00:40:21,0,0,0,0,O
0,1,0,2025-02-24 00:40:21,1,0,1,0,O
0,1,1,2025-02-24 00:51:12,0,1,0,1,O
1,0,1,2025-02-24 00:51:12,0,1,0,1,O
1,0,1,2025-02-24 00:51:12,0,1,0,1,O
1,1,0,2025-02-24 00:51:12,0,1,0,1,O
1,0,1,2025-02-24 00:51:12,0,1,0,1,O
1,0,1,2025-02-24 00:51:12,0,1,0,1,O
0,1,1,2025-02-24 00:51:12,0,1,0,1,O
0,0,1,2025-02-24 00:51:12,1,0,1,0,O
0,1,1,2025-02-24 01:11:30,0,1,0,1,O
1,0,1,2025-02-24 01:11:30,0,1,0,1,O
1,1,1,2025-02-24 01:11:30,1,1,1,1,O
0,0,1,2025-02-24 01:11:30,1,0,1,0,O
0,0,0,2025-02-24 01:11:30,0,0,0,0,O
1,1,0,2025-02-24 01:11:30,0,1,0,1,O
1,0,1,2025-02-24 01:11:30,0,1,0,1,O
1,0,0,2025-02-24 01:11:30,1,0,1,0,O
0,0,0,2025-02-24 01:32:07,0,0,0,0,O
1,1,0,2025-02-24 01:32:07,0,1,0,1,O
1,1,1,2025-02-24 01:32:07,1,1,1,1,O
1,1,0,2025-02-24 01:32:07,0,1,0,1,O
1,0,1,2025-02-24 01:32:07,0,1,0,1,O
1,1,0,2025-02-24 01:32:07,0,1,0,1,O
1,0,0,2025-02-24 01:32:07,1,0,1,0,O
0,0,1,2025-02-24 01:32:07,1,0,1,0,O
